persons_detected,unique_tracks,zone_occupancy,restricted_zone_entries,restricted_zone_exits,time_in_restricted_zone,loitering_events,after_hours_activity,crowd_level,repeated_entries,detection_confidence_mean,detection_confidence_min,detection_confidence_max,movement_speed,event_frequency,events_per_minute,activity_hour,day_of_week,camera_activity_level,is_anomaly,scenario_type
32,4,2,1,0,2.0,0,0.0,2,0,0.876,0.788,0.923,26.4,0,0.0,18,6,0.549,0,normal_daytime
28,2,2,2,2,8.1,0,0.0,2,0,0.893,0.747,0.941,23.2,0,0.0,12,4,0.38,0,normal_daytime
84,6,1,0,0,0.0,0,0.0,1,0,0.924,0.816,0.972,57.0,0,0.0,15,6,0.801,0,normal_daytime
78,6,2,0,0,0.0,0,0.0,1,0,0.946,0.846,0.986,41.9,0,0.0,19,0,0.62,0,normal_lobby_transit
52,4,1,1,1,7.7,0,0.0,1,0,0.883,0.705,0.929,34.4,1,1.0,19,4,0.573,0,normal_daytime
16,2,0,1,1,1.3,0,1.0,0,0,0.833,0.713,0.883,31.6,0,0.0,23,1,0.2,0,normal_night_staff
50,5,0,0,0,0.0,0,0.0,1,1,0.86,0.716,0.9,53.4,0,0.0,14,0,0.71,0,normal_daytime
9,1,0,1,1,1.6,0,1.0,0,0,0.88,0.76,0.93,47.9,0,0.0,3,2,0.14,0,normal_night_staff
20,2,1,2,2,10.7,0,0.0,1,0,0.849,0.717,0.889,25.2,0,0.0,15,4,0.386,0,normal_daytime
9,1,1,1,1,1.3,0,1.0,1,0,0.838,0.718,0.888,39.2,0,0.0,3,0,0.14,0,normal_night_staff
24,2,2,0,0,0.0,0,0.0,2,0,0.882,0.782,0.922,61.6,0,0.0,13,1,0.34,0,normal_lobby_transit
52,2,2,3,1,75.3,2,1.0,2,3,0.837,0.657,0.897,6.3,3,4.5,2,6,0.801,1,after_hours_breach
8,2,0,0,0,0.0,0,1.0,0,0,0.857,0.737,0.907,30.6,0,0.0,5,2,0.2,0,normal_night_staff
38,2,1,7,6,37.7,1,0.0,1,6,0.87,0.77,0.92,58.3,2,3.0,16,3,0.98,1,repeated_reconnaissance
8,1,0,1,1,1.8,0,1.0,0,0,0.855,0.735,0.905,32.2,0,0.0,3,2,0.14,0,normal_night_staff
55,5,0,1,1,0.6,0,0.0,1,0,0.831,0.659,0.855,51.9,1,1.0,11,6,0.706,0,normal_daytime
112,8,12,9,1,73.8,3,0.0,12,1,0.828,0.628,0.888,16.8,4,8.0,17,2,0.92,1,crowd_surge
45,5,1,0,0,0.0,0,0.0,1,0,0.882,0.742,0.933,63.6,0,0.0,10,5,0.741,0,normal_daytime
90,5,1,0,0,0.0,0,0.0,3,0,0.938,0.838,0.978,47.6,0,0.0,18,1,0.55,0,normal_lobby_transit
66,6,0,1,1,1.5,0,0.0,1,1,0.899,0.806,0.949,33.6,1,1.0,18,6,0.731,0,normal_daytime
9,1,1,1,1,4.3,0,1.0,1,0,0.867,0.747,0.917,33.6,0,0.0,4,4,0.14,0,normal_night_staff
54,6,2,1,1,11.4,0,0.0,2,0,0.827,0.738,0.864,41.5,0,0.0,14,4,0.754,0,normal_daytime
18,2,2,0,0,0.0,0,0.0,2,0,0.876,0.702,0.922,61.7,0,0.0,18,4,0.495,0,normal_daytime
117,9,10,6,3,50.6,3,1.0,10,3,0.873,0.673,0.933,16.5,3,6.0,21,4,0.935,1,crowd_surge
20,2,1,0,0,0.0,0,0.0,3,0,0.855,0.755,0.895,54.0,0,0.0,15,1,0.34,0,normal_lobby_transit
22,2,0,0,0,0.0,0,0.0,1,0,0.829,0.672,0.879,23.8,0,0.0,11,2,0.381,0,normal_daytime
8,1,0,1,1,3.4,0,1.0,0,0,0.917,0.797,0.967,41.0,0,0.0,23,0,0.14,0,normal_night_staff
33,3,3,0,0,0.0,0,0.0,3,0,0.849,0.754,0.895,26.4,0,0.0,19,3,0.469,0,normal_daytime
35,1,1,1,0,198.7,1,0.0,1,1,0.927,0.847,0.977,4.3,1,1.0,11,2,0.947,1,pharmacy_loitering
45,3,1,0,0,0.0,0,0.0,1,0,0.874,0.774,0.914,38.7,0,0.0,12,2,0.41,0,normal_lobby_transit
24,2,1,0,0,0.0,0,0.0,1,0,0.866,0.689,0.896,64.8,0,0.0,15,1,0.504,0,normal_daytime
70,5,3,0,0,0.0,0,0.0,3,0,0.92,0.764,0.96,25.2,0,0.0,16,3,0.626,0,normal_daytime
48,6,3,2,0,3.5,0,0.0,3,0,0.85,0.75,0.893,62.9,0,0.0,9,1,0.819,0,normal_daytime
36,4,0,1,1,9.3,0,0.0,1,0,0.874,0.772,0.919,53.3,0,0.0,10,5,0.63,0,normal_daytime
34,1,1,1,0,124.8,1,0.0,1,0,0.897,0.817,0.947,2.9,2,2.0,19,1,0.8,1,pharmacy_loitering
68,4,0,0,0,0.0,0,0.0,1,0,0.945,0.845,0.985,55.2,0,0.0,14,3,0.48,0,normal_lobby_transit
9,1,0,1,1,2.7,0,1.0,0,0,0.81,0.69,0.86,27.4,0,0.0,6,0,0.14,0,normal_night_staff
42,3,1,0,0,0.0,0,0.0,1,0,0.903,0.741,0.931,34.5,0,0.0,13,5,0.494,0,normal_daytime
50,5,0,2,0,11.5,0,0.0,1,0,0.821,0.658,0.842,30.7,0,0.0,9,1,0.642,0,normal_daytime
52,4,2,0,0,0.0,0,0.0,3,0,0.899,0.799,0.939,54.2,0,0.0,11,6,0.48,0,normal_lobby_transit
46,2,2,2,1,152.3,1,1.0,2,1,0.836,0.656,0.896,17.7,3,4.5,2,6,0.955,1,after_hours_breach
9,1,0,0,0,0.0,0,0.0,1,0,0.925,0.787,0.953,27.3,0,0.0,10,4,0.312,0,normal_daytime
78,6,3,1,1,6.8,0,0.0,3,0,0.83,0.734,0.869,61.9,1,1.0,10,0,0.816,0,normal_daytime
29,1,1,1,0,83.1,1,0.0,1,1,0.857,0.777,0.907,6.3,3,3.0,19,1,0.716,1,pharmacy_loitering
16,2,1,0,0,0.0,0,1.0,1,0,0.806,0.686,0.856,41.3,0,0.0,2,2,0.2,0,normal_night_staff
72,4,2,0,0,0.0,0,0.0,1,0,0.87,0.77,0.91,60.0,0,0.0,15,6,0.48,0,normal_lobby_transit
52,4,1,0,0,0.0,0,0.0,1,0,0.917,0.767,0.974,23.2,0,0.0,11,4,0.54,0,normal_daytime
9,1,1,0,0,0.0,0,0.0,1,0,0.876,0.752,0.912,41.8,0,0.0,17,1,0.355,0,normal_daytime
45,3,2,1,1,5.0,0,0.0,2,1,0.875,0.704,0.896,55.0,1,1.0,18,5,0.555,0,normal_daytime
20,2,1,0,0,0.0,0,1.0,1,0,0.845,0.725,0.895,27.2,0,0.0,21,0,0.2,0,normal_night_staff
16,2,1,1,1,4.0,0,0.0,1,1,0.859,0.722,0.886,29.4,0,0.0,15,1,0.398,0,normal_daytime
72,6,3,0,0,0.0,0,0.0,3,1,0.829,0.72,0.86,35.7,0,0.0,11,6,0.737,0,normal_daytime
66,6,2,0,0,0.0,0,0.0,2,0,0.831,0.713,0.873,24.4,0,0.0,17,1,0.703,0,normal_daytime
65,5,3,1,1,1.3,0,0.0,3,1,0.822,0.704,0.859,63.3,1,1.0,9,6,0.74,0,normal_daytime
10,1,0,0,0,0.0,0,1.0,0,0,0.854,0.734,0.904,42.5,0,0.0,3,5,0.14,0,normal_night_staff
80,5,1,0,0,0.0,0,0.0,2,0,0.906,0.806,0.946,53.2,0,0.0,19,2,0.55,0,normal_lobby_transit
50,5,2,0,0,0.0,0,0.0,2,1,0.883,0.73,0.912,22.1,0,0.0,18,6,0.616,0,normal_daytime
4,1,0,0,0,0.0,0,1.0,0,0,0.905,0.785,0.955,28.3,0,0.0,22,0,0.14,0,normal_night_staff
20,2,0,1,1,10.2,0,0.0,1,0,0.837,0.678,0.885,25.8,1,1.0,13,4,0.387,0,normal_daytime
26,2,2,0,0,0.0,0,0.0,2,0,0.845,0.669,0.886,56.6,0,0.0,19,0,0.48,0,normal_daytime
84,7,1,0,0,0.0,0,0.0,1,0,0.929,0.829,0.969,36.2,0,0.0,18,6,0.69,0,normal_lobby_transit
133,7,2,0,0,0.0,0,0.0,2,0,0.884,0.784,0.924,57.0,0,0.0,8,1,0.69,0,normal_lobby_transit
45,5,1,0,0,0.0,0,0.0,1,0,0.885,0.718,0.938,51.5,0,0.0,12,2,0.705,0,normal_daytime
78,6,3,1,1,9.0,0,0.0,3,1,0.878,0.738,0.93,50.7,0,0.0,19,3,0.782,0,normal_daytime
95,5,2,0,0,0.0,0,0.0,3,0,0.853,0.753,0.893,60.7,0,0.0,15,0,0.55,0,normal_lobby_transit
6,1,0,0,0,0.0,0,1.0,0,0,0.853,0.733,0.903,48.9,0,0.0,2,1,0.14,0,normal_night_staff
7,1,1,1,1,4.8,0,1.0,1,0,0.858,0.738,0.908,47.8,0,0.0,5,6,0.14,0,normal_night_staff
22,2,0,0,0,0.0,0,0.0,2,0,0.928,0.828,0.968,72.7,0,0.0,8,1,0.34,0,normal_lobby_transit
60,5,1,2,0,6.3,0,0.0,1,0,0.87,0.782,0.921,51.1,0,0.0,10,5,0.703,0,normal_daytime
56,4,3,1,0,11.5,0,0.0,3,0,0.857,0.704,0.916,35.1,1,1.0,13,0,0.575,0,normal_daytime
7,1,1,1,1,3.3,0,1.0,1,0,0.829,0.709,0.879,48.4,0,0.0,5,6,0.14,0,normal_night_staff
5,1,0,0,0,0.0,0,1.0,0,0,0.911,0.791,0.961,39.1,0,0.0,3,0,0.14,0,normal_night_staff
84,7,1,0,0,0.0,0,0.0,2,0,0.879,0.779,0.919,67.0,0,0.0,16,4,0.69,0,normal_lobby_transit
20,2,1,0,0,0.0,0,0.0,1,0,0.908,0.78,0.942,31.4,0,0.0,17,5,0.404,0,normal_daytime
90,6,0,0,0,0.0,0,0.0,2,0,0.857,0.757,0.897,68.4,0,0.0,20,6,0.62,0,normal_lobby_transit
12,2,0,1,1,2.4,0,1.0,0,0,0.811,0.691,0.861,35.9,0,0.0,3,6,0.2,0,normal_night_staff
30,2,1,1,0,2.5,0,0.0,1,0,0.9,0.722,0.926,41.3,0,0.0,13,4,0.434,0,normal_daytime
5,1,0,1,1,3.6,0,1.0,0,0,0.912,0.792,0.962,49.9,0,0.0,2,5,0.14,0,normal_night_staff
100,5,0,0,0,0.0,0,0.0,1,0,0.948,0.848,0.988,35.6,0,0.0,7,5,0.55,0,normal_lobby_transit
14,2,0,0,0,0.0,0,1.0,0,0,0.888,0.768,0.938,45.0,0,0.0,6,1,0.2,0,normal_night_staff
12,1,0,2,2,8.0,0,0.0,1,0,0.931,0.807,0.969,58.2,2,2.0,13,6,0.405,0,normal_daytime
40,5,0,0,0,0.0,0,0.0,1,1,0.883,0.793,0.918,24.2,0,0.0,9,4,0.623,0,normal_daytime
65,5,0,1,0,1.9,0,0.0,1,0,0.89,0.786,0.935,33.8,0,0.0,8,1,0.651,0,normal_daytime
13,1,0,1,1,10.5,0,0.0,1,1,0.924,0.772,0.983,47.8,0,0.0,10,4,0.373,0,normal_daytime
70,7,2,0,0,0.0,0,0.0,3,0,0.891,0.791,0.931,48.7,0,0.0,20,5,0.69,0,normal_lobby_transit
18,2,1,1,1,2.1,0,1.0,1,0,0.808,0.688,0.858,36.1,0,0.0,4,5,0.2,0,normal_night_staff
24,2,1,0,0,0.0,0,0.0,1,0,0.93,0.789,0.985,60.1,0,0.0,10,1,0.49,0,normal_daytime
37,1,1,1,0,228.3,1,1.0,1,0,0.909,0.829,0.959,4.7,2,2.0,22,0,1.0,1,pharmacy_loitering
56,4,3,1,1,0.6,0,0.0,3,0,0.844,0.677,0.898,41.1,1,1.0,18,0,0.593,0,normal_daytime
42,3,2,0,0,0.0,0,0.0,2,0,0.929,0.829,0.969,66.7,0,0.0,11,5,0.41,0,normal_lobby_transit
65,5,0,0,0,0.0,0,0.0,1,0,0.854,0.754,0.894,67.2,0,0.0,17,4,0.55,0,normal_lobby_transit
10,1,0,0,0,0.0,0,1.0,0,0,0.898,0.778,0.948,31.2,0,0.0,0,1,0.14,0,normal_night_staff
102,6,2,0,0,0.0,0,0.0,1,0,0.893,0.793,0.933,61.1,0,0.0,12,4,0.62,0,normal_lobby_transit
14,2,0,1,1,2.4,0,1.0,0,0,0.883,0.763,0.933,39.8,0,0.0,23,4,0.2,0,normal_night_staff
16,2,0,0,0,0.0,0,1.0,0,0,0.915,0.795,0.965,27.7,0,0.0,1,1,0.2,0,normal_night_staff
56,4,1,0,0,0.0,0,0.0,2,0,0.863,0.763,0.903,60.2,0,0.0,14,1,0.48,0,normal_lobby_transit
7,1,0,0,0,0.0,0,1.0,0,0,0.866,0.746,0.916,41.7,0,0.0,22,2,0.14,0,normal_night_staff
8,1,0,0,0,0.0,0,0.0,1,0,0.925,0.754,0.951,34.6,0,0.0,17,4,0.334,0,normal_daytime
55,5,1,0,0,0.0,0,0.0,1,0,0.841,0.746,0.899,29.4,0,0.0,12,4,0.638,0,normal_daytime
54,6,1,1,1,9.8,0,0.0,1,0,0.922,0.798,0.959,55.1,1,1.0,16,3,0.795,0,normal_daytime
80,4,0,0,0,0.0,0,0.0,3,0,0.93,0.83,0.97,72.2,0,0.0,8,0,0.48,0,normal_lobby_transit
36,4,3,0,0,0.0,0,0.0,3,0,0.857,0.695,0.904,28.8,0,0.0,16,3,0.556,0,normal_daytime
78,6,1,0,0,0.0,0,0.0,1,0,0.918,0.818,0.958,70.0,0,0.0,20,5,0.62,0,normal_lobby_transit
65,5,0,0,0,0.0,0,0.0,1,0,0.934,0.777,0.965,31.1,0,0.0,17,5,0.643,0,normal_daytime
60,6,1,0,0,0.0,0,0.0,1,0,0.872,0.701,0.923,50.2,0,0.0,10,1,0.781,0,normal_daytime
40,4,2,0,0,0.0,0,0.0,2,0,0.854,0.686,0.875,48.6,0,0.0,14,5,0.616,0,normal_daytime
9,1,1,1,1,2.0,0,1.0,1,0,0.814,0.694,0.864,45.1,0,0.0,5,3,0.14,0,normal_night_staff
20,2,0,0,0,0.0,0,1.0,0,0,0.867,0.747,0.917,34.4,0,0.0,2,2,0.2,0,normal_night_staff
9,1,1,0,0,0.0,0,1.0,1,0,0.878,0.758,0.928,26.1,0,0.0,22,0,0.14,0,normal_night_staff
105,7,0,0,0,0.0,0,0.0,2,0,0.947,0.847,0.987,52.5,0,0.0,18,6,0.69,0,normal_lobby_transit
5,1,1,0,0,0.0,0,1.0,1,0,0.811,0.691,0.861,46.2,0,0.0,22,0,0.14,0,normal_night_staff
84,6,3,1,1,1.0,0,0.0,3,0,0.879,0.767,0.918,38.7,0,0.0,11,2,0.746,0,normal_daytime
33,3,3,1,1,7.5,0,0.0,3,1,0.901,0.766,0.956,49.0,0,0.0,18,4,0.537,0,normal_daytime
30,3,0,2,0,8.6,0,0.0,1,1,0.917,0.819,0.945,22.7,0,0.0,10,1,0.458,0,normal_daytime
28,2,0,0,0,0.0,0,0.0,1,0,0.933,0.792,0.973,25.2,0,0.0,8,4,0.386,0,normal_daytime
60,6,2,2,1,11.3,0,0.0,2,0,0.848,0.687,0.876,52.6,2,2.0,18,6,0.788,0,normal_daytime
133,7,1,0,0,0.0,0,0.0,1,0,0.913,0.813,0.953,58.1,0,0.0,18,2,0.69,0,normal_lobby_transit
48,4,1,0,0,0.0,0,0.0,2,0,0.923,0.823,0.963,68.2,0,0.0,20,2,0.48,0,normal_lobby_transit
22,2,1,0,0,0.0,0,0.0,1,0,0.869,0.774,0.901,33.3,0,0.0,10,3,0.41,0,normal_daytime
40,4,3,0,0,0.0,0,0.0,3,0,0.896,0.796,0.931,51.6,0,0.0,9,4,0.625,0,normal_daytime
84,6,3,1,1,2.2,0,0.0,3,0,0.867,0.692,0.897,59.4,0,0.0,10,4,0.808,0,normal_daytime
14,1,0,1,1,1.6,0,0.0,1,0,0.86,0.739,0.888,31.0,1,1.0,14,6,0.323,0,normal_daytime
9,1,0,2,2,6.0,0,0.0,1,0,0.939,0.849,0.99,58.9,0,0.0,14,6,0.407,0,normal_daytime
56,4,2,0,0,0.0,0,0.0,2,1,0.891,0.712,0.926,38.8,0,0.0,15,5,0.586,0,normal_daytime
12,1,1,2,2,3.7,0,0.0,1,0,0.867,0.727,0.887,35.0,2,2.0,13,3,0.335,0,normal_daytime
56,4,2,0,0,0.0,0,0.0,2,0,0.886,0.738,0.941,51.3,0,0.0,13,5,0.624,0,normal_daytime
33,3,0,0,0,0.0,0,0.0,2,0,0.93,0.83,0.97,72.1,0,0.0,15,1,0.41,0,normal_lobby_transit
260,13,7,5,1,47.5,2,0.0,7,3,0.859,0.659,0.919,22.4,6,12.0,12,4,0.995,1,crowd_surge
7,1,1,1,1,7.3,0,1.0,1,0,0.917,0.797,0.967,47.3,0,0.0,0,2,0.14,0,normal_night_staff
20,2,2,2,2,1.0,0,0.0,2,0,0.891,0.774,0.937,38.3,0,0.0,15,5,0.425,0,normal_daytime
4,1,0,0,0,0.0,0,1.0,0,0,0.801,0.681,0.851,45.8,0,0.0,0,0,0.14,0,normal_night_staff
60,6,1,2,0,9.7,0,0.0,1,0,0.872,0.73,0.897,31.6,0,0.0,12,2,0.725,0,normal_daytime
58,2,2,4,0,61.9,2,1.0,2,1,0.812,0.632,0.872,12.6,2,3.0,3,0,0.774,1,after_hours_breach
13,1,1,0,0,0.0,0,0.0,1,0,0.826,0.65,0.858,51.1,0,0.0,17,4,0.383,0,normal_daytime
60,4,1,0,0,0.0,0,0.0,1,1,0.821,0.653,0.869,26.8,0,0.0,12,0,0.55,0,normal_daytime
32,1,1,3,1,121.4,1,1.0,1,1,0.832,0.652,0.892,6.4,3,4.5,1,4,0.893,1,after_hours_breach
56,4,0,2,0,5.4,0,0.0,1,1,0.867,0.717,0.895,54.3,0,0.0,18,5,0.633,0,normal_daytime
32,2,0,0,0,0.0,0,0.0,2,0,0.906,0.806,0.946,43.3,0,0.0,18,1,0.34,0,normal_lobby_transit
8,2,0,1,1,5.2,0,1.0,0,0,0.82,0.7,0.87,30.0,0,0.0,5,6,0.2,0,normal_night_staff
24,3,1,1,1,6.2,0,0.0,1,0,0.9,0.802,0.927,37.1,0,0.0,16,3,0.501,0,normal_daytime
9,1,0,0,0,0.0,0,1.0,0,0,0.894,0.774,0.944,31.9,0,0.0,2,5,0.14,0,normal_night_staff
45,3,1,0,0,0.0,0,0.0,1,0,0.895,0.803,0.948,26.4,0,0.0,10,2,0.469,0,normal_daytime
8,2,0,0,0,0.0,0,1.0,0,0,0.904,0.784,0.954,45.5,0,0.0,22,0,0.2,0,normal_night_staff
8,2,1,0,0,0.0,0,1.0,1,0,0.804,0.684,0.854,26.2,0,0.0,4,3,0.2,0,normal_night_staff
8,2,1,0,0,0.0,0,1.0,1,0,0.815,0.695,0.865,42.3,0,0.0,23,2,0.2,0,normal_night_staff
40,5,1,0,0,0.0,0,0.0,1,0,0.891,0.766,0.938,59.5,0,0.0,18,3,0.729,0,normal_daytime
4,1,0,0,0,0.0,0,1.0,0,0,0.842,0.722,0.892,30.1,0,0.0,4,3,0.14,0,normal_night_staff
38,1,1,1,0,70.9,1,0.0,1,0,0.866,0.786,0.916,3.2,2,2.0,14,5,0.692,1,pharmacy_loitering
18,2,1,2,1,1.7,0,0.0,1,0,0.858,0.68,0.898,63.9,0,0.0,13,3,0.502,0,normal_daytime
8,1,0,1,1,0.2,0,0.0,1,0,0.914,0.787,0.973,23.4,1,1.0,14,4,0.3,0,normal_daytime
60,4,1,2,2,9.5,0,0.0,1,1,0.904,0.735,0.955,39.4,2,2.0,10,5,0.588,0,normal_daytime
54,6,1,2,1,5.6,0,0.0,1,0,0.883,0.742,0.913,49.1,0,0.0,17,3,0.777,0,normal_daytime
20,1,1,4,3,26.2,0,1.0,1,3,0.879,0.779,0.929,33.3,2,3.0,21,1,0.86,1,repeated_reconnaissance
16,1,1,2,1,57.4,2,1.0,1,3,0.743,0.563,0.803,11.6,3,4.5,1,4,0.765,1,after_hours_breach
6,1,0,1,1,1.1,0,1.0,0,0,0.807,0.687,0.857,44.7,0,0.0,0,1,0.14,0,normal_night_staff
30,3,3,1,1,6.4,0,0.0,3,0,0.904,0.772,0.946,48.0,0,0.0,9,0,0.534,0,normal_daytime
12,1,1,1,1,2.7,0,0.0,1,0,0.875,0.755,0.895,29.5,0,0.0,19,0,0.319,0,normal_daytime
23,1,1,1,0,190.9,1,0.0,1,1,0.919,0.839,0.969,2.8,2,2.0,19,5,0.932,1,pharmacy_loitering
102,6,0,0,0,0.0,0,0.0,1,0,0.883,0.783,0.923,36.5,0,0.0,20,4,0.62,0,normal_lobby_transit
18,2,0,1,1,5.0,0,1.0,0,0,0.896,0.776,0.946,28.8,0,0.0,23,2,0.2,0,normal_night_staff
4,1,0,1,1,6.8,0,1.0,0,0,0.878,0.758,0.928,33.3,0,0.0,5,3,0.14,0,normal_night_staff
27,1,1,2,1,115.7,1,1.0,1,3,0.8,0.62,0.86,10.3,4,6.0,2,0,0.881,1,after_hours_breach
13,1,1,2,2,0.1,0,0.0,1,1,0.855,0.726,0.905,32.7,2,2.0,18,1,0.328,0,normal_daytime
65,5,2,1,1,4.7,0,0.0,2,1,0.871,0.765,0.893,42.9,1,1.0,14,0,0.679,0,normal_daytime
5,1,0,1,1,1.0,0,1.0,0,0,0.829,0.709,0.879,45.3,0,0.0,21,0,0.14,0,normal_night_staff
72,6,2,0,0,0.0,0,0.0,2,0,0.909,0.809,0.949,57.9,0,0.0,18,0,0.62,0,normal_lobby_transit
70,5,0,1,1,0.5,0,0.0,1,0,0.841,0.733,0.897,51.7,0,0.0,9,6,0.705,0,normal_daytime
9,1,0,0,0,0.0,0,0.0,1,0,0.839,0.742,0.862,22.1,0,0.0,17,4,0.296,0,normal_daytime
6,1,0,0,0,0.0,0,1.0,0,0,0.92,0.8,0.97,27.1,0,0.0,21,1,0.14,0,normal_night_staff
75,5,2,0,0,0.0,0,0.0,2,0,0.895,0.731,0.916,62.0,0,0.0,17,1,0.736,0,normal_daytime
14,2,1,0,0,0.0,0,1.0,1,0,0.84,0.72,0.89,39.0,0,0.0,0,6,0.2,0,normal_night_staff
55,5,2,0,0,0.0,0,0.0,2,0,0.933,0.825,0.958,59.6,0,0.0,11,0,0.729,0,normal_daytime
24,2,2,1,1,8.4,0,0.0,2,0,0.894,0.726,0.919,33.1,0,0.0,17,6,0.409,0,normal_daytime
10,1,0,1,1,3.6,0,1.0,0,0,0.803,0.683,0.853,41.1,0,0.0,2,0,0.14,0,normal_night_staff
91,7,2,0,0,0.0,0,0.0,1,0,0.858,0.758,0.898,54.8,0,0.0,17,5,0.69,0,normal_lobby_transit
8,1,0,0,0,0.0,0,1.0,0,0,0.838,0.718,0.888,47.0,0,0.0,23,2,0.14,0,normal_night_staff
50,5,1,1,1,10.9,0,0.0,1,0,0.92,0.788,0.952,29.0,0,0.0,16,5,0.637,0,normal_daytime
8,2,0,0,0,0.0,0,1.0,0,0,0.87,0.75,0.92,46.8,0,0.0,21,5,0.2,0,normal_night_staff
8,2,0,1,1,3.8,0,1.0,0,0,0.895,0.775,0.945,31.9,0,0.0,0,0,0.2,0,normal_night_staff
18,2,0,1,1,7.3,0,0.0,1,0,0.859,0.684,0.914,33.4,1,1.0,11,6,0.41,0,normal_daytime
55,5,2,0,0,0.0,0,0.0,3,0,0.909,0.809,0.949,61.9,0,0.0,11,1,0.55,0,normal_lobby_transit
32,4,3,1,0,4.8,0,0.0,3,1,0.913,0.82,0.938,46.0,0,0.0,13,0,0.608,0,normal_daytime
72,6,0,0,0,0.0,0,0.0,3,0,0.877,0.777,0.917,74.8,0,0.0,17,6,0.62,0,normal_lobby_transit
44,4,3,0,0,0.0,0,0.0,3,0,0.93,0.758,0.982,61.1,0,0.0,10,1,0.653,0,normal_daytime
75,5,3,0,0,0.0,0,0.0,3,0,0.858,0.715,0.886,27.0,0,0.0,17,6,0.631,0,normal_daytime
40,4,2,0,0,0.0,0,0.0,2,0,0.874,0.716,0.924,62.8,0,0.0,12,3,0.658,0,normal_daytime
80,4,2,0,0,0.0,0,0.0,2,0,0.923,0.823,0.963,73.3,0,0.0,13,6,0.48,0,normal_lobby_transit
42,3,2,0,0,0.0,0,0.0,2,0,0.846,0.716,0.901,49.6,0,0.0,8,6,0.539,0,normal_daytime
33,3,2,0,0,0.0,0,0.0,1,0,0.916,0.816,0.956,52.8,0,0.0,8,0,0.41,0,normal_lobby_transit
48,6,3,0,0,0.0,0,0.0,3,1,0.933,0.766,0.974,53.9,0,0.0,13,6,0.792,0,normal_daytime
9,1,1,2,0,1.3,0,0.0,1,0,0.851,0.753,0.874,58.3,0,0.0,17,6,0.405,0,normal_daytime
7,1,0,0,0,0.0,0,1.0,0,0,0.864,0.744,0.914,44.5,0,0.0,21,2,0.14,0,normal_night_staff
9,1,0,2,1,0.7,0,0.0,1,0,0.896,0.779,0.934,36.4,0,0.0,16,1,0.339,0,normal_daytime
36,3,0,1,0,0.4,0,0.0,1,0,0.895,0.745,0.953,35.9,0,0.0,9,3,0.498,0,normal_daytime
6,1,1,1,1,7.5,0,1.0,1,0,0.905,0.785,0.955,27.9,0,0.0,21,1,0.14,0,normal_night_staff
30,2,0,1,1,10.8,0,0.0,1,1,0.914,0.793,0.964,57.9,0,0.0,8,5,0.484,0,normal_daytime
45,3,3,2,0,4.5,0,0.0,3,0,0.907,0.773,0.94,49.5,0,0.0,9,4,0.538,0,normal_daytime
39,1,1,1,0,159.5,1,0.0,1,1,0.917,0.837,0.967,4.4,1,1.0,10,4,0.869,1,pharmacy_loitering
90,6,3,1,1,1.6,0,0.0,3,0,0.841,0.735,0.88,63.7,0,0.0,17,5,0.821,0,normal_daytime
45,5,2,2,0,10.4,0,0.0,2,1,0.884,0.705,0.916,22.4,0,0.0,19,2,0.617,0,normal_daytime
75,5,1,1,0,3.7,0,0.0,1,0,0.918,0.769,0.946,28.2,0,0.0,10,1,0.635,0,normal_daytime
8,1,1,1,1,6.2,0,1.0,1,0,0.853,0.733,0.903,44.2,0,0.0,22,1,0.14,0,normal_night_staff
8,1,1,2,2,12.0,0,0.0,1,0,0.885,0.754,0.91,37.0,2,2.0,13,6,0.341,0,normal_daytime
40,5,1,1,0,3.6,0,0.0,1,1,0.84,0.715,0.865,50.5,1,1.0,10,6,0.702,0,normal_daytime
10,1,1,1,1,2.1,0,1.0,1,0,0.865,0.745,0.915,28.7,0,0.0,5,5,0.14,0,normal_night_staff
24,3,1,1,1,9.8,0,0.0,1,1,0.89,0.779,0.935,39.3,0,0.0,16,1,0.508,0,normal_daytime
36,3,3,0,0,0.0,0,0.0,3,0,0.904,0.73,0.944,43.2,0,0.0,8,1,0.52,0,normal_daytime
30,3,0,2,2,1.4,0,0.0,1,0,0.929,0.814,0.978,57.2,0,0.0,13,1,0.562,0,normal_daytime
36,2,0,0,0,0.0,0,0.0,3,0,0.865,0.765,0.905,45.6,0,0.0,10,3,0.34,0,normal_lobby_transit
33,3,1,0,0,0.0,0,0.0,1,1,0.842,0.688,0.901,50.8,0,0.0,15,4,0.542,0,normal_daytime
4,1,1,0,0,0.0,0,1.0,1,0,0.856,0.736,0.906,28.8,0,0.0,2,2,0.14,0,normal_night_staff
7,1,0,1,1,3.3,0,1.0,0,0,0.913,0.793,0.963,43.4,0,0.0,0,2,0.14,0,normal_night_staff
22,2,2,0,0,0.0,0,0.0,2,1,0.937,0.782,0.99,32.2,0,0.0,8,2,0.407,0,normal_daytime
40,4,2,0,0,0.0,0,0.0,3,0,0.899,0.799,0.939,63.2,0,0.0,11,4,0.48,0,normal_lobby_transit
45,3,0,0,0,0.0,0,0.0,1,0,0.86,0.68,0.912,55.4,0,0.0,14,4,0.556,0,normal_daytime
84,6,1,2,2,11.3,0,0.0,1,0,0.887,0.743,0.92,27.5,0,0.0,18,5,0.713,0,normal_daytime
52,4,3,1,1,8.1,0,0.0,3,1,0.915,0.739,0.964,50.3,0,0.0,12,1,0.621,0,normal_daytime
13,1,0,2,1,11.4,0,0.0,1,1,0.879,0.782,0.938,36.5,0,0.0,11,1,0.339,0,normal_daytime
5,1,0,1,1,6.8,0,1.0,0,0,0.849,0.729,0.899,29.6,0,0.0,22,0,0.14,0,normal_night_staff
55,5,2,1,1,10.3,0,0.0,2,1,0.865,0.754,0.901,42.2,0,0.0,19,1,0.677,0,normal_daytime
20,2,0,0,0,0.0,0,0.0,1,0,0.896,0.741,0.928,64.9,0,0.0,10,1,0.505,0,normal_daytime
9,1,1,1,1,6.5,0,1.0,1,0,0.837,0.717,0.887,37.7,0,0.0,21,5,0.14,0,normal_night_staff
12,2,0,0,0,0.0,0,1.0,0,0,0.894,0.774,0.944,34.0,0,0.0,21,6,0.2,0,normal_night_staff
27,1,1,1,0,95.3,1,0.0,1,0,0.878,0.798,0.928,2.9,1,1.0,10,4,0.741,1,pharmacy_loitering
72,4,0,0,0,0.0,0,0.0,3,0,0.9,0.8,0.94,75.0,0,0.0,7,2,0.48,0,normal_lobby_transit
150,10,10,6,2,54.8,3,1.0,10,4,0.848,0.648,0.908,12.7,4,8.0,23,1,0.95,1,crowd_surge
39,3,3,0,0,0.0,0,0.0,3,1,0.888,0.729,0.915,25.4,0,0.0,8,2,0.466,0,normal_daytime
18,2,0,0,0,0.0,0,1.0,0,0,0.862,0.742,0.912,30.0,0,0.0,6,2,0.2,0,normal_night_staff
24,2,0,0,0,0.0,0,0.0,1,0,0.865,0.774,0.922,29.6,0,0.0,12,1,0.399,0,normal_daytime
16,2,0,0,0,0.0,0,0.0,1,1,0.888,0.722,0.922,51.3,0,0.0,18,0,0.464,0,normal_daytime
25,1,1,1,0,97.1,1,0.0,1,1,0.851,0.771,0.901,2.3,1,1.0,18,1,0.744,1,pharmacy_loitering
50,5,2,1,0,5.5,0,0.0,2,0,0.9,0.771,0.959,35.5,0,0.0,9,6,0.657,0,normal_daytime
182,7,5,5,2,37.7,3,0.0,5,1,0.877,0.677,0.937,19.6,6,12.0,15,5,0.905,1,crowd_surge
8,1,1,1,1,2.2,0,1.0,1,0,0.902,0.782,0.952,45.4,0,0.0,2,4,0.14,0,normal_night_staff
75,5,3,0,0,0.0,0,0.0,3,0,0.866,0.734,0.914,54.3,0,0.0,17,2,0.713,0,normal_daytime
119,7,1,0,0,0.0,0,0.0,1,0,0.897,0.797,0.937,70.0,0,0.0,14,4,0.69,0,normal_lobby_transit
28,2,0,1,0,11.9,0,0.0,1,0,0.882,0.744,0.912,45.7,0,0.0,17,1,0.447,0,normal_daytime
44,4,3,1,1,9.5,0,0.0,3,0,0.921,0.798,0.979,40.0,0,0.0,19,1,0.59,0,normal_daytime
60,6,3,0,0,0.0,0,0.0,3,1,0.828,0.664,0.87,57.2,0,0.0,13,0,0.802,0,normal_daytime
24,3,2,2,0,0.2,0,0.0,2,0,0.895,0.79,0.943,36.8,2,2.0,11,5,0.5,0,normal_daytime
36,3,2,0,0,0.0,0,0.0,2,0,0.853,0.753,0.893,40.8,0,0.0,10,4,0.41,0,normal_lobby_transit
55,5,1,0,0,0.0,0,0.0,2,0,0.865,0.765,0.905,70.4,0,0.0,9,2,0.55,0,normal_lobby_transit
40,4,2,0,0,0.0,0,0.0,2,0,0.852,0.752,0.892,44.0,0,0.0,13,4,0.48,0,normal_lobby_transit
14,1,1,0,0,0.0,0,0.0,1,0,0.875,0.772,0.898,24.1,0,0.0,11,4,0.302,0,normal_daytime
14,1,0,0,0,0.0,0,0.0,1,0,0.884,0.775,0.924,52.0,0,0.0,15,0,0.386,0,normal_daytime
42,2,2,4,1,106.4,1,1.0,2,2,0.745,0.565,0.805,13.9,4,6.0,3,6,0.863,1,after_hours_breach
10,1,1,1,1,3.6,0,1.0,1,0,0.805,0.685,0.855,38.2,0,0.0,6,4,0.14,0,normal_night_staff
189,9,8,7,1,52.6,2,0.0,8,1,0.861,0.661,0.921,12.5,7,14.0,14,1,0.935,1,crowd_surge
66,6,1,1,1,2.6,0,0.0,1,1,0.908,0.733,0.941,53.8,1,1.0,11,0,0.791,0,normal_daytime
48,6,2,1,0,1.6,0,0.0,2,0,0.891,0.755,0.916,27.8,0,0.0,13,3,0.713,0,normal_daytime
30,1,1,1,0,139.1,1,1.0,1,1,0.892,0.812,0.942,5.8,2,2.0,22,0,0.828,1,pharmacy_loitering
48,6,1,2,0,0.0,0,0.0,1,0,0.835,0.752,0.864,24.0,0,0.0,12,6,0.702,0,normal_daytime
9,1,1,1,1,7.3,0,1.0,1,0,0.883,0.763,0.933,48.3,0,0.0,23,0,0.14,0,normal_night_staff
45,1,1,1,0,95.7,1,1.0,1,1,0.866,0.786,0.916,8.3,2,2.0,20,6,0.741,1,pharmacy_loitering
432,16,10,7,3,70.4,2,0.0,10,4,0.803,0.603,0.863,22.2,7,14.0,12,2,1.0,1,crowd_surge
26,1,1,3,0,83.5,1,1.0,1,2,0.858,0.678,0.918,11.7,4,6.0,3,6,0.817,1,after_hours_breach
8,2,1,1,1,7.0,0,1.0,1,0,0.808,0.688,0.858,35.4,0,0.0,22,0,0.2,0,normal_night_staff
5,1,0,0,0,0.0,0,1.0,0,0,0.906,0.786,0.956,27.9,0,0.0,3,4,0.14,0,normal_night_staff
42,1,1,1,0,171.3,1,0.0,1,1,0.9,0.82,0.95,5.7,2,2.0,13,2,0.893,1,pharmacy_loitering
50,2,2,2,1,94.5,1,1.0,2,1,0.797,0.617,0.857,10.0,2,3.0,3,0,0.839,1,after_hours_breach
105,7,0,0,0,0.0,0,0.0,3,0,0.945,0.845,0.985,65.9,0,0.0,7,3,0.69,0,normal_lobby_transit
12,1,1,1,1,1.4,0,0.0,1,0,0.891,0.732,0.948,46.7,0,0.0,16,6,0.37,0,normal_daytime
8,1,0,1,1,2.7,0,1.0,0,0,0.87,0.75,0.92,28.3,0,0.0,23,5,0.14,0,normal_night_staff
8,1,0,0,0,0.0,0,1.0,0,0,0.916,0.796,0.966,31.2,0,0.0,1,5,0.14,0,normal_night_staff
70,5,3,0,0,0.0,0,0.0,3,1,0.912,0.814,0.966,27.4,0,0.0,13,4,0.632,0,normal_daytime
10,2,0,0,0,0.0,0,1.0,0,0,0.881,0.761,0.931,49.9,0,0.0,2,4,0.2,0,normal_night_staff
18,2,0,1,1,2.3,0,1.0,0,0,0.904,0.784,0.954,43.2,0,0.0,2,2,0.2,0,normal_night_staff
77,7,2,0,0,0.0,0,0.0,1,0,0.874,0.774,0.914,54.6,0,0.0,15,3,0.69,0,normal_lobby_transit
75,5,1,2,2,0.0,0,0.0,1,1,0.876,0.706,0.901,50.2,0,0.0,14,6,0.701,0,normal_daytime
119,7,2,0,0,0.0,0,0.0,1,0,0.898,0.798,0.938,38.2,0,0.0,13,4,0.69,0,normal_lobby_transit
9,1,0,1,1,4.7,0,1.0,0,0,0.843,0.723,0.893,47.9,0,0.0,0,6,0.14,0,normal_night_staff
37,1,1,1,0,194.8,1,0.0,1,0,0.876,0.796,0.926,7.8,2,2.0,15,2,0.94,1,pharmacy_loitering
18,2,1,0,0,0.0,0,1.0,1,0,0.805,0.685,0.855,40.2,0,0.0,0,1,0.2,0,normal_night_staff
84,6,2,1,0,9.8,0,0.0,2,1,0.899,0.723,0.949,59.3,1,1.0,15,3,0.808,0,normal_daytime
10,2,0,1,1,6.5,0,1.0,0,0,0.807,0.687,0.857,47.4,0,0.0,1,5,0.2,0,normal_night_staff
85,5,1,0,0,0.0,0,0.0,3,0,0.893,0.793,0.933,63.3,0,0.0,16,0,0.55,0,normal_lobby_transit
39,1,1,1,0,71.4,1,1.0,1,0,0.854,0.774,0.904,5.9,1,1.0,22,6,0.693,1,pharmacy_loitering
68,4,0,0,0,0.0,0,0.0,1,0,0.942,0.842,0.982,64.8,0,0.0,11,1,0.48,0,normal_lobby_transit
5,1,0,0,0,0.0,0,1.0,0,0,0.92,0.8,0.97,25.7,0,0.0,5,0,0.14,0,normal_night_staff
84,6,3,1,1,6.9,0,0.0,3,1,0.931,0.763,0.955,57.1,0,0.0,12,4,0.801,0,normal_daytime
5,1,1,1,1,3.2,0,1.0,1,0,0.873,0.753,0.923,48.2,0,0.0,0,3,0.14,0,normal_night_staff
65,5,0,0,0,0.0,0,0.0,1,1,0.911,0.761,0.933,35.7,0,0.0,13,6,0.657,0,normal_daytime
28,2,2,1,0,8.2,0,0.0,2,0,0.897,0.811,0.946,22.9,0,0.0,19,2,0.379,0,normal_daytime
10,1,0,1,1,3.7,0,1.0,0,0,0.829,0.709,0.879,41.0,0,0.0,1,5,0.14,0,normal_night_staff
54,6,3,2,2,2.6,0,0.0,3,0,0.822,0.673,0.872,56.4,0,0.0,16,2,0.799,0,normal_daytime
20,2,0,1,1,4.9,0,1.0,0,0,0.837,0.717,0.887,35.4,0,0.0,0,6,0.2,0,normal_night_staff
5,1,0,1,1,4.8,0,1.0,0,0,0.898,0.778,0.948,29.4,0,0.0,6,5,0.14,0,normal_night_staff
114,6,1,0,0,0.0,0,0.0,1,0,0.867,0.767,0.907,73.7,0,0.0,9,0,0.62,0,normal_lobby_transit
24,3,0,0,0,0.0,0,0.0,1,1,0.923,0.825,0.948,35.3,0,0.0,8,2,0.496,0,normal_daytime
90,6,3,1,0,10.3,0,0.0,3,0,0.844,0.707,0.897,24.2,1,1.0,10,5,0.703,0,normal_daytime
6,1,1,0,0,0.0,0,1.0,1,0,0.8,0.68,0.85,39.4,0,0.0,2,3,0.14,0,normal_night_staff
7,1,0,1,1,7.9,0,1.0,0,0,0.911,0.791,0.961,35.7,0,0.0,0,0,0.14,0,normal_night_staff
24,3,1,0,0,0.0,0,0.0,1,0,0.933,0.802,0.984,59.5,0,0.0,15,3,0.569,0,normal_daytime
37,1,1,1,0,90.2,1,0.0,1,0,0.868,0.788,0.918,8.3,3,3.0,12,4,0.73,1,pharmacy_loitering
19,1,1,3,0,159.0,2,1.0,1,1,0.805,0.625,0.865,7.2,2,3.0,4,1,0.968,1,after_hours_breach
52,4,3,0,0,0.0,0,0.0,3,0,0.848,0.757,0.877,32.2,0,0.0,11,5,0.567,0,normal_daytime
85,5,0,0,0,0.0,0,0.0,2,0,0.873,0.773,0.913,50.8,0,0.0,20,3,0.55,0,normal_lobby_transit
14,1,1,0,0,0.0,0,0.0,1,0,0.828,0.714,0.872,31.1,0,0.0,10,5,0.323,0,normal_daytime
65,5,1,1,1,7.0,0,0.0,1,0,0.861,0.733,0.894,24.6,0,0.0,10,0,0.624,0,normal_daytime
27,3,2,2,0,11.5,0,0.0,2,0,0.914,0.818,0.956,39.3,0,0.0,17,4,0.508,0,normal_daytime
34,2,0,0,0,0.0,0,0.0,3,0,0.876,0.776,0.916,67.3,0,0.0,9,2,0.34,0,normal_lobby_transit
66,6,0,1,1,2.3,0,0.0,1,1,0.86,0.726,0.906,41.6,0,0.0,17,5,0.755,0,normal_daytime
48,4,3,2,2,8.6,0,0.0,3,0,0.843,0.741,0.865,53.6,2,2.0,14,2,0.631,0,normal_daytime
44,1,1,1,0,176.6,1,0.0,1,1,0.909,0.829,0.959,2.1,3,3.0,13,6,0.903,1,pharmacy_loitering
52,4,2,1,1,3.7,0,0.0,2,0,0.834,0.735,0.859,45.0,0,0.0,16,2,0.605,0,normal_daytime
12,1,1,0,0,0.0,0,0.0,1,0,0.934,0.824,0.983,22.5,0,0.0,13,1,0.297,0,normal_daytime
90,5,2,0,0,0.0,0,0.0,1,0,0.88,0.78,0.92,53.4,0,0.0,19,2,0.55,0,normal_lobby_transit
75,5,1,1,1,2.8,0,0.0,1,0,0.869,0.768,0.915,48.4,1,1.0,16,0,0.695,0,normal_daytime
4,1,0,1,1,1.7,0,1.0,0,0,0.837,0.717,0.887,49.5,0,0.0,6,6,0.14,0,normal_night_staff
80,5,0,0,0,0.0,0,0.0,3,0,0.94,0.84,0.98,71.2,0,0.0,7,2,0.55,0,normal_lobby_transit
23,1,1,5,4,28.2,0,0.0,1,4,0.876,0.776,0.926,54.8,3,4.5,19,3,0.9,1,repeated_reconnaissance
112,7,10,5,1,53.5,3,0.0,10,2,0.849,0.649,0.909,27.3,6,12.0,14,5,0.905,1,crowd_surge
27,3,3,1,0,3.3,0,0.0,3,0,0.93,0.754,0.96,40.4,0,0.0,15,4,0.511,0,normal_daytime
45,5,1,0,0,0.0,0,0.0,1,0,0.83,0.745,0.871,63.5,0,0.0,11,3,0.741,0,normal_daytime
9,1,1,1,1,4.8,0,1.0,1,0,0.859,0.739,0.909,39.2,0,0.0,1,0,0.14,0,normal_night_staff
30,3,0,1,1,9.6,0,0.0,1,0,0.887,0.8,0.919,41.8,0,0.0,10,2,0.515,0,normal_daytime
9,1,1,1,1,3.0,0,1.0,1,0,0.838,0.718,0.888,41.9,0,0.0,2,0,0.14,0,normal_night_staff
72,4,1,0,0,0.0,0,0.0,1,0,0.87,0.77,0.91,55.4,0,0.0,13,2,0.48,0,normal_lobby_transit
32,4,2,1,1,10.1,0,0.0,2,0,0.869,0.731,0.892,60.6,0,0.0,15,0,0.652,0,normal_daytime
10,1,1,1,1,8.5,0,0.0,1,1,0.92,0.742,0.95,45.7,0,0.0,9,3,0.367,0,normal_daytime
44,4,2,0,0,0.0,0,0.0,2,0,0.927,0.826,0.965,32.5,0,0.0,11,1,0.568,0,normal_daytime
105,7,0,0,0,0.0,0,0.0,2,0,0.921,0.821,0.961,72.7,0,0.0,10,3,0.69,0,normal_lobby_transit
10,2,1,1,1,7.7,0,1.0,1,0,0.828,0.708,0.878,35.1,0,0.0,5,1,0.2,0,normal_night_staff
250,10,8,4,3,36.4,3,0.0,8,2,0.872,0.672,0.932,22.3,6,12.0,18,0,0.95,1,crowd_surge
4,1,1,1,1,4.9,0,1.0,1,0,0.873,0.753,0.923,47.4,0,0.0,1,4,0.14,0,normal_night_staff
40,5,0,1,1,11.2,0,0.0,1,0,0.935,0.813,0.975,53.4,0,0.0,9,1,0.71,0,normal_daytime
30,2,0,0,0,0.0,0,0.0,1,0,0.856,0.756,0.896,66.0,0,0.0,14,5,0.34,0,normal_lobby_transit
91,7,2,0,0,0.0,0,0.0,1,0,0.877,0.777,0.917,51.4,0,0.0,20,1,0.69,0,normal_lobby_transit
55,5,2,0,0,0.0,0,0.0,2,0,0.885,0.764,0.926,60.9,0,0.0,17,0,0.733,0,normal_daytime
6,1,1,1,1,2.1,0,1.0,1,0,0.823,0.703,0.873,28.3,0,0.0,2,3,0.14,0,normal_night_staff
36,3,0,0,0,0.0,0,0.0,1,0,0.858,0.739,0.907,55.8,0,0.0,15,5,0.557,0,normal_daytime
18,2,2,0,0,0.0,0,0.0,2,0,0.824,0.722,0.856,55.6,0,0.0,15,3,0.477,0,normal_daytime
51,3,0,0,0,0.0,0,0.0,1,0,0.878,0.778,0.918,52.0,0,0.0,19,0,0.41,0,normal_lobby_transit
32,1,1,3,0,156.9,2,1.0,1,2,0.748,0.568,0.808,16.1,3,4.5,0,0,0.964,1,after_hours_breach
60,2,2,4,0,49.3,2,1.0,2,3,0.751,0.571,0.811,11.6,4,6.0,0,0,0.749,1,after_hours_breach
58,2,2,2,1,113.9,1,1.0,2,3,0.781,0.601,0.841,13.5,3,4.5,2,6,0.878,1,after_hours_breach
10,1,1,0,0,0.0,0,1.0,1,0,0.898,0.778,0.948,43.8,0,0.0,2,3,0.14,0,normal_night_staff
10,1,1,1,1,1.7,0,1.0,1,0,0.861,0.741,0.911,45.3,0,0.0,2,0,0.14,0,normal_night_staff
27,3,0,1,1,11.1,0,0.0,1,0,0.855,0.735,0.899,44.8,0,0.0,15,2,0.524,0,normal_daytime
42,3,3,1,0,7.6,0,0.0,3,1,0.852,0.743,0.878,51.5,1,1.0,19,5,0.544,0,normal_daytime
16,2,0,0,0,0.0,0,1.0,0,0,0.835,0.715,0.885,29.4,0,0.0,2,6,0.2,0,normal_night_staff
75,5,0,0,0,0.0,0,0.0,2,0,0.929,0.829,0.969,61.5,0,0.0,17,1,0.55,0,normal_lobby_transit
60,6,0,2,0,9.0,0,0.0,1,0,0.851,0.714,0.88,44.5,0,0.0,19,4,0.764,0,normal_daytime
52,4,0,1,0,0.7,0,0.0,1,0,0.883,0.739,0.918,47.8,0,0.0,16,2,0.613,0,normal_daytime
75,5,2,0,0,0.0,0,0.0,2,1,0.822,0.725,0.876,48.4,0,0.0,8,2,0.695,0,normal_daytime
39,3,0,0,0,0.0,0,0.0,1,0,0.862,0.712,0.901,23.6,0,0.0,19,0,0.461,0,normal_daytime
28,2,0,0,0,0.0,0,0.0,2,0,0.897,0.797,0.937,51.5,0,0.0,17,3,0.34,0,normal_lobby_transit
95,5,1,0,0,0.0,0,0.0,2,0,0.92,0.82,0.96,71.5,0,0.0,14,1,0.55,0,normal_lobby_transit
52,4,2,0,0,0.0,0,0.0,2,0,0.863,0.762,0.899,40.5,0,0.0,18,4,0.591,0,normal_daytime
7,1,0,0,0,0.0,0,1.0,0,0,0.877,0.757,0.927,29.6,0,0.0,5,5,0.14,0,normal_night_staff
4,1,0,1,1,5.6,0,1.0,0,0,0.906,0.786,0.956,36.9,0,0.0,22,5,0.14,0,normal_night_staff
32,4,0,1,0,7.7,0,0.0,1,0,0.931,0.788,0.965,28.6,0,0.0,11,1,0.556,0,normal_daytime
9,1,0,1,1,6.6,0,1.0,0,0,0.9,0.78,0.95,26.7,0,0.0,21,5,0.14,0,normal_night_staff
36,3,3,2,1,0.4,0,0.0,3,0,0.825,0.662,0.849,41.0,2,2.0,19,1,0.513,0,normal_daytime
28,2,2,0,0,0.0,0,0.0,2,0,0.895,0.764,0.922,51.5,0,0.0,15,1,0.465,0,normal_daytime
36,3,1,0,0,0.0,0,0.0,1,0,0.92,0.828,0.972,46.4,0,0.0,17,3,0.529,0,normal_daytime
5,1,1,1,1,5.9,0,1.0,1,0,0.822,0.702,0.872,41.8,0,0.0,21,5,0.14,0,normal_night_staff
40,4,0,1,1,5.0,0,0.0,1,0,0.925,0.786,0.968,46.2,0,0.0,12,0,0.609,0,normal_daytime
42,2,2,4,1,135.0,2,1.0,2,2,0.762,0.582,0.822,15.0,3,4.5,0,2,0.92,1,after_hours_breach
6,1,1,0,0,0.0,0,1.0,1,0,0.852,0.732,0.902,47.6,0,0.0,2,1,0.14,0,normal_night_staff
80,4,0,0,0,0.0,0,0.0,3,0,0.853,0.753,0.893,54.9,0,0.0,13,5,0.48,0,normal_lobby_transit
260,10,5,6,3,20.6,1,0.0,5,3,0.838,0.638,0.898,16.2,6,12.0,12,3,0.95,1,crowd_surge
17,1,1,4,0,155.1,2,1.0,1,3,0.859,0.679,0.919,14.4,2,3.0,0,1,0.96,1,after_hours_breach
75,5,2,1,1,2.7,0,0.0,2,0,0.903,0.795,0.942,38.8,1,1.0,16,0,0.666,0,normal_daytime
12,2,0,1,1,2.1,0,1.0,0,0,0.822,0.702,0.872,42.3,0,0.0,5,0,0.2,0,normal_night_staff
40,4,0,0,0,0.0,0,0.0,1,1,0.94,0.788,0.981,55.1,0,0.0,17,2,0.635,0,normal_daytime
60,6,2,1,1,5.3,0,0.0,2,0,0.839,0.678,0.864,48.1,0,0.0,12,2,0.774,0,normal_daytime
27,3,2,0,0,0.0,0,0.0,2,0,0.842,0.682,0.901,63.0,0,0.0,19,2,0.579,0,normal_daytime
6,1,0,1,1,4.4,0,1.0,0,0,0.841,0.721,0.891,40.7,0,0.0,0,1,0.14,0,normal_night_staff
5,1,1,0,0,0.0,0,1.0,1,0,0.837,0.717,0.887,27.3,0,0.0,3,5,0.14,0,normal_night_staff
38,2,1,5,4,26.8,0,1.0,1,4,0.825,0.725,0.875,49.0,3,4.5,21,6,0.9,1,repeated_reconnaissance
48,4,0,0,0,0.0,0,0.0,3,0,0.899,0.799,0.939,39.2,0,0.0,14,5,0.48,0,normal_lobby_transit
40,4,0,2,0,8.4,0,0.0,1,0,0.939,0.824,0.974,56.0,0,0.0,17,2,0.638,0,normal_daytime
6,1,1,0,0,0.0,0,1.0,1,0,0.824,0.704,0.874,45.1,0,0.0,3,5,0.14,0,normal_night_staff
96,6,1,0,0,0.0,0,0.0,2,0,0.869,0.769,0.909,37.8,0,0.0,14,1,0.62,0,normal_lobby_transit
16,2,1,1,1,2.5,0,1.0,1,0,0.8,0.68,0.85,30.8,0,0.0,2,4,0.2,0,normal_night_staff
84,6,2,1,1,0.4,0,0.0,2,0,0.848,0.7,0.879,31.8,1,1.0,13,6,0.725,0,normal_daytime
9,1,1,1,1,7.5,0,1.0,1,0,0.807,0.687,0.857,31.3,0,0.0,0,0,0.14,0,normal_night_staff
11,1,1,2,1,0.9,0,0.0,1,1,0.912,0.804,0.972,51.3,2,2.0,8,3,0.384,0,normal_daytime
44,4,3,0,0,0.0,0,0.0,3,0,0.939,0.838,0.99,29.0,0,0.0,10,1,0.557,0,normal_daytime
11,1,1,1,1,8.4,0,0.0,1,0,0.925,0.829,0.957,45.0,1,1.0,16,2,0.365,0,normal_daytime
42,3,3,0,0,0.0,0,0.0,3,0,0.881,0.755,0.904,51.9,0,0.0,9,4,0.546,0,normal_daytime
45,5,3,0,0,0.0,0,0.0,3,0,0.841,0.675,0.877,28.8,0,0.0,12,5,0.636,0,normal_daytime
12,2,0,1,1,4.0,0,1.0,0,0,0.803,0.683,0.853,38.6,0,0.0,2,6,0.2,0,normal_night_staff
28,2,1,2,1,9.9,0,0.0,1,0,0.829,0.682,0.874,35.9,0,0.0,16,5,0.418,0,normal_daytime
78,6,2,0,0,0.0,0,0.0,2,0,0.831,0.657,0.851,60.3,0,0.0,14,0,0.811,0,normal_daytime
51,3,2,0,0,0.0,0,0.0,1,0,0.873,0.773,0.913,60.5,0,0.0,16,5,0.41,0,normal_lobby_transit
20,2,1,1,1,1.6,0,1.0,1,0,0.812,0.692,0.862,45.1,0,0.0,2,3,0.2,0,normal_night_staff
39,3,2,1,1,7.7,0,0.0,2,0,0.927,0.769,0.985,54.2,0,0.0,13,1,0.553,0,normal_daytime
11,1,1,1,0,0.1,0,0.0,1,0,0.913,0.829,0.94,36.6,0,0.0,18,1,0.34,0,normal_daytime
54,6,1,0,0,0.0,0,0.0,1,0,0.907,0.823,0.948,57.1,0,0.0,11,5,0.801,0,normal_daytime
8,2,1,1,1,2.1,0,1.0,1,0,0.882,0.762,0.932,48.1,0,0.0,0,0,0.2,0,normal_night_staff
42,3,0,2,0,8.2,0,0.0,1,1,0.859,0.715,0.881,31.4,2,2.0,15,1,0.484,0,normal_daytime
90,6,3,0,0,0.0,0,0.0,3,0,0.822,0.706,0.844,56.7,0,0.0,17,5,0.8,0,normal_daytime
18,2,1,0,0,0.0,0,1.0,1,0,0.826,0.706,0.876,40.2,0,0.0,21,5,0.2,0,normal_night_staff
55,5,0,0,0,0.0,0,0.0,1,0,0.864,0.764,0.904,64.6,0,0.0,10,5,0.55,0,normal_lobby_transit
65,5,0,2,1,9.1,0,0.0,1,0,0.919,0.817,0.947,49.0,2,2.0,14,6,0.697,0,normal_daytime
33,3,2,0,0,0.0,0,0.0,3,0,0.937,0.837,0.977,58.1,0,0.0,9,2,0.41,0,normal_lobby_transit
52,4,3,1,1,3.8,0,0.0,3,0,0.847,0.75,0.895,39.6,0,0.0,13,5,0.589,0,normal_daytime
38,1,1,1,0,169.9,1,0.0,1,1,0.881,0.801,0.931,7.1,2,2.0,17,5,0.89,1,pharmacy_loitering
44,4,1,1,0,9.6,0,0.0,1,0,0.905,0.762,0.947,63.9,0,0.0,19,4,0.662,0,normal_daytime
52,4,0,1,0,6.9,0,0.0,1,0,0.868,0.765,0.903,46.2,0,0.0,15,5,0.609,0,normal_daytime
55,5,3,1,0,5.0,0,0.0,3,1,0.868,0.715,0.901,35.4,0,0.0,18,5,0.656,0,normal_daytime
26,2,0,0,0,0.0,0,0.0,3,0,0.9,0.8,0.94,39.0,0,0.0,14,6,0.34,0,normal_lobby_transit
77,7,2,0,0,0.0,0,0.0,2,0,0.887,0.787,0.927,43.8,0,0.0,19,2,0.69,0,normal_lobby_transit
18,2,0,1,1,6.7,0,0.0,1,1,0.832,0.743,0.874,47.7,0,0.0,12,0,0.453,0,normal_daytime
90,6,0,0,0,0.0,0,0.0,1,0,0.843,0.677,0.894,34.4,0,0.0,15,6,0.733,0,normal_daytime
64,2,2,4,1,51.4,2,1.0,2,2,0.858,0.678,0.918,14.1,4,6.0,3,2,0.753,1,after_hours_breach
13,1,0,1,1,11.3,0,0.0,1,1,0.89,0.776,0.923,64.0,0,0.0,19,1,0.422,0,normal_daytime
90,6,1,1,1,3.4,0,0.0,1,1,0.864,0.691,0.892,64.9,1,1.0,13,2,0.825,0,normal_daytime
40,5,3,1,1,1.7,0,0.0,3,0,0.83,0.723,0.871,64.8,0,0.0,8,4,0.744,0,normal_daytime
75,5,0,2,2,3.8,0,0.0,1,0,0.879,0.706,0.913,29.8,2,2.0,19,6,0.639,0,normal_daytime
14,1,1,2,0,10.0,0,0.0,1,0,0.823,0.697,0.871,42.6,0,0.0,18,5,0.358,0,normal_daytime
60,4,0,0,0,0.0,0,0.0,2,0,0.896,0.796,0.936,68.4,0,0.0,8,0,0.48,0,normal_lobby_transit
84,6,2,2,0,11.9,0,0.0,2,0,0.831,0.749,0.888,26.5,0,0.0,18,5,0.71,0,normal_daytime
55,5,0,2,2,10.3,0,0.0,1,0,0.889,0.777,0.936,52.4,0,0.0,18,2,0.707,0,normal_daytime
90,5,0,0,0,0.0,0,0.0,2,0,0.941,0.841,0.981,49.0,0,0.0,17,4,0.55,0,normal_lobby_transit
34,2,2,3,0,89.2,1,1.0,2,3,0.764,0.584,0.824,16.1,4,6.0,4,6,0.828,1,after_hours_breach
70,5,1,2,2,3.6,0,0.0,1,1,0.841,0.693,0.901,57.3,2,2.0,9,2,0.722,0,normal_daytime
75,5,0,0,0,0.0,0,0.0,2,0,0.855,0.755,0.895,55.1,0,0.0,8,1,0.55,0,normal_lobby_transit
46,2,2,4,0,125.5,2,1.0,2,2,0.833,0.653,0.893,9.9,2,3.0,2,1,0.901,1,after_hours_breach
10,1,1,1,1,2.5,0,1.0,1,0,0.855,0.735,0.905,42.6,0,0.0,3,3,0.14,0,normal_night_staff
14,1,1,0,0,0.0,0,0.0,1,0,0.929,0.792,0.97,62.4,0,0.0,18,0,0.417,0,normal_daytime
66,6,3,1,1,7.2,0,0.0,3,0,0.831,0.745,0.864,32.1,0,0.0,19,3,0.726,0,normal_daytime
16,2,1,0,0,0.0,0,0.0,1,0,0.851,0.731,0.886,27.6,0,0.0,13,1,0.393,0,normal_daytime
52,4,1,1,0,6.0,0,0.0,1,1,0.838,0.73,0.888,58.5,0,0.0,8,4,0.645,0,normal_daytime
5,1,1,0,0,0.0,0,1.0,1,0,0.899,0.779,0.949,49.5,0,0.0,21,3,0.14,0,normal_night_staff
60,6,3,0,0,0.0,0,0.0,3,1,0.936,0.8,0.961,32.4,0,0.0,11,2,0.727,0,normal_daytime
5,1,1,1,1,4.2,0,1.0,1,0,0.843,0.723,0.893,32.6,0,0.0,3,2,0.14,0,normal_night_staff
119,7,1,0,0,0.0,0,0.0,2,0,0.891,0.791,0.931,59.9,0,0.0,14,5,0.69,0,normal_lobby_transit
8,2,1,1,1,7.6,0,1.0,1,0,0.909,0.789,0.959,38.7,0,0.0,6,0,0.2,0,normal_night_staff
108,6,0,0,0,0.0,0,0.0,1,0,0.893,0.793,0.933,66.5,0,0.0,19,4,0.62,0,normal_lobby_transit
60,2,2,4,1,65.1,2,1.0,2,3,0.773,0.593,0.833,10.5,2,3.0,2,5,0.78,1,after_hours_breach
10,1,0,0,0,0.0,0,1.0,0,0,0.803,0.683,0.853,28.6,0,0.0,5,2,0.14,0,normal_night_staff
18,2,0,1,1,3.8,0,1.0,0,0,0.878,0.758,0.928,42.8,0,0.0,21,1,0.2,0,normal_night_staff
11,1,1,0,0,0.0,0,0.0,1,1,0.834,0.687,0.886,36.7,0,0.0,19,3,0.34,0,normal_daytime
22,2,0,0,0,0.0,0,0.0,1,0,0.875,0.703,0.923,33.8,0,0.0,17,0,0.411,0,normal_daytime
22,1,1,1,0,209.1,1,0.0,1,1,0.898,0.818,0.948,8.0,3,3.0,16,5,0.968,1,pharmacy_loitering
32,4,2,1,1,8.1,0,0.0,2,0,0.832,0.699,0.866,58.3,0,0.0,10,4,0.645,0,normal_daytime
8,1,1,1,1,5.0,0,0.0,1,0,0.918,0.745,0.967,30.2,1,1.0,11,1,0.321,0,normal_daytime
10,2,1,0,0,0.0,0,1.0,1,0,0.869,0.749,0.919,33.2,0,0.0,3,5,0.2,0,normal_night_staff
9,1,1,0,0,0.0,0,1.0,1,0,0.862,0.742,0.912,30.3,0,0.0,1,1,0.14,0,normal_night_staff
75,5,1,0,0,0.0,0,0.0,1,0,0.907,0.817,0.937,31.9,0,0.0,9,6,0.646,0,normal_daytime
32,4,3,0,0,0.0,0,0.0,3,0,0.843,0.735,0.884,61.4,0,0.0,17,6,0.654,0,normal_daytime
8,1,0,1,1,5.0,0,1.0,0,0,0.909,0.789,0.959,34.4,0,0.0,23,2,0.14,0,normal_night_staff
280,14,10,8,2,55.5,2,0.0,10,1,0.832,0.632,0.892,16.4,7,14.0,15,4,1.0,1,crowd_surge
12,1,0,0,0,0.0,0,0.0,1,0,0.829,0.716,0.874,56.9,0,0.0,19,6,0.401,0,normal_daytime
48,4,3,1,1,4.8,0,0.0,3,0,0.853,0.742,0.893,30.7,0,0.0,8,0,0.562,0,normal_daytime
65,5,0,0,0,0.0,0,0.0,2,0,0.906,0.806,0.946,44.0,0,0.0,11,4,0.55,0,normal_lobby_transit
160,8,11,7,3,69.7,1,1.0,11,2,0.819,0.619,0.879,17.5,4,8.0,23,0,0.92,1,crowd_surge
78,6,2,0,0,0.0,0,0.0,2,0,0.913,0.795,0.946,24.6,0,0.0,14,5,0.704,0,normal_daytime
8,1,0,1,1,4.1,0,1.0,0,0,0.813,0.693,0.863,40.9,0,0.0,1,4,0.14,0,normal_night_staff
4,1,0,0,0,0.0,0,1.0,0,0,0.828,0.708,0.878,37.4,0,0.0,2,4,0.14,0,normal_night_staff
60,6,2,1,1,0.2,0,0.0,2,1,0.834,0.751,0.873,29.4,1,1.0,14,0,0.718,0,normal_daytime
60,4,3,1,1,1.8,0,0.0,3,1,0.881,0.729,0.907,57.9,0,0.0,18,5,0.644,0,normal_daytime
30,2,0,0,0,0.0,0,0.0,1,0,0.868,0.745,0.9,36.2,0,0.0,11,6,0.419,0,normal_daytime
90,6,3,1,1,1.7,0,0.0,3,0,0.893,0.738,0.917,26.8,0,0.0,9,6,0.71,0,normal_daytime
27,1,1,1,0,92.0,1,0.0,1,0,0.92,0.84,0.97,6.8,2,2.0,15,5,0.734,1,pharmacy_loitering
26,2,2,0,0,0.0,0,0.0,2,1,0.923,0.82,0.975,61.2,0,0.0,8,4,0.494,0,normal_daytime
19,1,1,7,6,17.2,1,0.0,1,6,0.821,0.721,0.871,43.1,5,7.5,17,1,0.98,1,repeated_reconnaissance
5,1,0,0,0,0.0,0,1.0,0,0,0.906,0.786,0.956,43.9,0,0.0,1,3,0.14,0,normal_night_staff
12,1,0,1,0,5.7,0,0.0,1,0,0.904,0.774,0.931,64.7,0,0.0,11,2,0.424,0,normal_daytime
27,1,1,7,6,42.9,1,0.0,1,6,0.823,0.723,0.873,58.1,2,3.0,18,5,0.98,1,repeated_reconnaissance
84,6,0,1,0,3.6,0,0.0,1,0,0.849,0.705,0.894,24.7,0,0.0,10,4,0.704,0,normal_daytime
36,1,1,1,0,220.2,1,0.0,1,0,0.902,0.822,0.952,4.7,1,1.0,12,5,0.99,1,pharmacy_loitering
60,3,1,0,0,0.0,0,0.0,1,0,0.864,0.764,0.904,47.0,0,0.0,16,4,0.41,0,normal_lobby_transit
39,3,0,2,2,1.7,0,0.0,1,0,0.821,0.681,0.862,62.7,0,0.0,18,1,0.578,0,normal_daytime
32,2,2,0,0,0.0,0,0.0,2,0,0.93,0.83,0.97,62.1,0,0.0,20,1,0.34,0,normal_lobby_transit
65,5,2,0,0,0.0,0,0.0,3,0,0.92,0.82,0.96,50.9,0,0.0,8,5,0.55,0,normal_lobby_transit
52,4,2,0,0,0.0,0,0.0,2,0,0.913,0.755,0.945,23.6,0,0.0,17,4,0.541,0,normal_daytime
10,2,0,1,1,2.2,0,1.0,0,0,0.83,0.71,0.88,32.1,0,0.0,1,1,0.2,0,normal_night_staff
98,7,2,0,0,0.0,0,0.0,1,0,0.922,0.822,0.962,57.7,0,0.0,13,1,0.69,0,normal_lobby_transit
66,6,1,1,1,0.0,0,0.0,1,0,0.849,0.727,0.896,25.7,0,0.0,16,0,0.707,0,normal_daytime
15,1,1,1,0,6.7,0,0.0,1,1,0.857,0.709,0.887,37.1,0,0.0,17,2,0.341,0,normal_daytime
60,6,2,0,0,0.0,0,0.0,3,0,0.896,0.796,0.936,37.2,0,0.0,13,6,0.62,0,normal_lobby_transit
105,7,1,0,0,0.0,0,0.0,2,0,0.902,0.802,0.942,70.3,0,0.0,10,6,0.69,0,normal_lobby_transit
85,5,2,0,0,0.0,0,0.0,3,0,0.87,0.77,0.91,51.0,0,0.0,10,2,0.55,0,normal_lobby_transit
54,3,1,0,0,0.0,0,0.0,3,0,0.938,0.838,0.978,53.4,0,0.0,16,6,0.41,0,normal_lobby_transit
60,6,0,0,0,0.0,0,0.0,1,0,0.904,0.808,0.962,44.5,0,0.0,19,5,0.764,0,normal_daytime
27,3,2,0,0,0.0,0,0.0,2,1,0.88,0.738,0.936,39.1,0,0.0,16,5,0.507,0,normal_daytime
78,6,2,0,0,0.0,0,0.0,2,0,0.934,0.834,0.974,66.0,0,0.0,17,5,0.62,0,normal_lobby_transit
30,2,1,0,0,0.0,0,0.0,1,0,0.824,0.726,0.878,40.1,0,0.0,19,0,0.43,0,normal_daytime
30,3,1,2,0,2.2,0,0.0,1,1,0.904,0.807,0.95,48.1,0,0.0,9,6,0.534,0,normal_daytime
9,1,0,0,0,0.0,0,1.0,0,0,0.881,0.761,0.931,46.2,0,0.0,23,1,0.14,0,normal_night_staff
40,1,1,1,0,150.2,1,1.0,1,0,0.884,0.804,0.934,4.8,2,2.0,20,0,0.85,1,pharmacy_loitering
36,2,2,2,0,152.6,1,1.0,2,3,0.842,0.662,0.902,16.3,2,3.0,1,4,0.955,1,after_hours_breach
26,2,0,0,0,0.0,0,0.0,1,0,0.886,0.769,0.919,53.0,0,0.0,10,4,0.469,0,normal_daytime
20,2,1,0,0,0.0,0,1.0,1,0,0.83,0.71,0.88,27.6,0,0.0,0,4,0.2,0,normal_night_staff
200,8,7,5,3,62.2,2,1.0,7,4,0.783,0.583,0.843,24.9,7,14.0,23,2,0.92,1,crowd_surge
34,1,1,1,0,126.0,1,0.0,1,1,0.925,0.845,0.975,6.5,2,2.0,12,6,0.802,1,pharmacy_loitering
56,4,3,1,0,4.4,0,0.0,3,0,0.913,0.776,0.936,24.3,1,1.0,16,1,0.543,0,normal_daytime
42,3,0,1,1,11.1,0,0.0,1,1,0.821,0.656,0.877,29.1,1,1.0,10,1,0.477,0,normal_daytime
54,6,3,1,1,7.6,0,0.0,3,0,0.918,0.816,0.949,47.0,0,0.0,8,4,0.771,0,normal_daytime
6,1,1,0,0,0.0,0,1.0,1,0,0.911,0.791,0.961,41.1,0,0.0,21,1,0.14,0,normal_night_staff
65,5,2,1,0,0.3,0,0.0,2,0,0.835,0.718,0.887,47.1,0,0.0,17,3,0.691,0,normal_daytime
4,1,1,0,0,0.0,0,1.0,1,0,0.801,0.681,0.851,29.5,0,0.0,6,3,0.14,0,normal_night_staff
56,2,1,6,5,18.2,1,1.0,1,5,0.89,0.79,0.94,42.9,3,4.5,20,0,0.94,1,repeated_reconnaissance
8,1,1,1,1,10.4,0,0.0,1,0,0.904,0.735,0.962,64.4,1,1.0,12,0,0.423,0,normal_daytime
8,1,1,1,1,3.1,0,0.0,1,0,0.873,0.727,0.932,64.0,1,1.0,15,3,0.422,0,normal_daytime
52,2,1,5,4,15.3,1,0.0,1,4,0.871,0.771,0.921,44.2,2,3.0,14,1,0.9,1,repeated_reconnaissance
22,2,1,2,0,3.6,0,0.0,1,1,0.831,0.686,0.854,28.8,0,0.0,9,6,0.396,0,normal_daytime
30,3,0,1,0,10.6,0,0.0,1,0,0.885,0.791,0.929,23.2,0,0.0,10,1,0.46,0,normal_daytime
8,1,0,2,2,7.7,0,0.0,1,0,0.899,0.773,0.933,57.5,0,0.0,14,3,0.402,0,normal_daytime
84,6,0,2,0,7.3,0,0.0,1,1,0.858,0.758,0.901,61.2,0,0.0,16,4,0.814,0,normal_daytime
16,2,1,0,0,0.0,0,0.0,1,0,0.85,0.727,0.876,22.6,0,0.0,13,6,0.378,0,normal_daytime
34,2,2,3,0,70.2,2,1.0,2,2,0.834,0.654,0.894,17.1,5,7.5,2,2,0.79,1,after_hours_breach
42,3,0,1,0,6.9,0,0.0,1,1,0.935,0.853,0.986,47.3,0,0.0,16,5,0.532,0,normal_daytime
5,1,1,0,0,0.0,0,1.0,1,0,0.897,0.777,0.947,30.2,0,0.0,1,4,0.14,0,normal_night_staff
6,1,0,1,1,7.3,0,1.0,0,0,0.855,0.735,0.905,48.2,0,0.0,22,6,0.14,0,normal_night_staff
26,2,2,0,0,0.0,0,0.0,2,1,0.909,0.777,0.936,37.9,0,0.0,12,3,0.424,0,normal_daytime
24,3,3,1,1,7.2,0,0.0,3,1,0.839,0.688,0.877,28.0,0,0.0,18,2,0.474,0,normal_daytime
15,1,1,2,0,8.6,0,0.0,1,1,0.879,0.775,0.925,22.2,0,0.0,15,4,0.297,0,normal_daytime
32,4,0,0,0,0.0,0,0.0,1,0,0.912,0.752,0.953,23.7,0,0.0,12,3,0.541,0,normal_daytime
16,2,2,0,0,0.0,0,0.0,2,1,0.911,0.783,0.943,58.6,0,0.0,17,3,0.486,0,normal_daytime
65,5,2,1,1,4.5,0,0.0,2,0,0.895,0.799,0.917,62.0,0,0.0,8,2,0.736,0,normal_daytime
6,1,1,0,0,0.0,0,1.0,1,0,0.901,0.781,0.951,42.3,0,0.0,0,2,0.14,0,normal_night_staff
220,11,11,7,1,29.9,2,1.0,11,1,0.81,0.61,0.87,27.1,4,8.0,23,2,0.965,1,crowd_surge
14,2,0,0,0,0.0,0,1.0,0,0,0.842,0.722,0.892,38.9,0,0.0,0,1,0.2,0,normal_night_staff
90,6,2,0,0,0.0,0,0.0,2,0,0.833,0.659,0.859,52.7,0,0.0,13,2,0.788,0,normal_daytime
28,1,1,3,1,64.6,1,1.0,1,1,0.798,0.618,0.858,13.7,5,7.5,0,2,0.779,1,after_hours_breach
78,6,3,0,0,0.0,0,0.0,3,0,0.917,0.794,0.944,32.5,0,0.0,17,6,0.728,0,normal_daytime
8,1,0,0,0,0.0,0,0.0,1,0,0.865,0.733,0.923,33.4,0,0.0,12,6,0.33,0,normal_daytime
60,6,1,0,0,0.0,0,0.0,1,0,0.906,0.817,0.943,51.5,0,0.0,9,0,0.784,0,normal_daytime
66,6,0,0,0,0.0,0,0.0,1,1,0.833,0.725,0.873,29.3,0,0.0,12,3,0.718,0,normal_daytime
55,5,1,1,1,6.9,0,0.0,1,0,0.847,0.679,0.902,33.3,0,0.0,9,3,0.65,0,normal_daytime
70,5,3,0,0,0.0,0,0.0,3,0,0.936,0.821,0.988,63.9,0,0.0,12,3,0.742,0,normal_daytime
7,1,1,0,0,0.0,0,1.0,1,0,0.825,0.705,0.875,26.2,0,0.0,22,6,0.14,0,normal_night_staff
11,1,0,0,0,0.0,0,0.0,1,0,0.909,0.769,0.961,57.0,0,0.0,12,4,0.401,0,normal_daytime
70,7,2,0,0,0.0,0,0.0,2,0,0.855,0.755,0.895,65.6,0,0.0,17,5,0.69,0,normal_lobby_transit
60,5,2,0,0,0.0,0,0.0,2,0,0.883,0.783,0.923,70.3,0,0.0,15,4,0.55,0,normal_lobby_transit
16,2,1,2,0,0.4,0,0.0,1,0,0.827,0.65,0.868,55.0,0,0.0,14,2,0.475,0,normal_daytime
33,3,2,1,0,11.0,0,0.0,2,0,0.897,0.786,0.937,30.0,0,0.0,9,2,0.48,0,normal_daytime
24,2,1,0,0,0.0,0,0.0,1,0,0.86,0.76,0.9,46.4,0,0.0,19,4,0.34,0,normal_lobby_transit
23,1,1,6,5,26.5,1,1.0,1,5,0.823,0.723,0.873,58.5,4,6.0,21,2,0.94,1,repeated_reconnaissance
6,1,1,1,1,4.8,0,1.0,1,0,0.834,0.714,0.884,46.6,0,0.0,3,3,0.14,0,normal_night_staff
40,4,1,0,0,0.0,0,0.0,2,0,0.914,0.814,0.954,44.1,0,0.0,20,1,0.48,0,normal_lobby_transit
11,1,1,1,1,6.8,0,0.0,1,0,0.921,0.756,0.972,44.5,1,1.0,19,6,0.363,0,normal_daytime
36,3,1,0,0,0.0,0,0.0,1,0,0.853,0.765,0.908,41.4,0,0.0,18,3,0.514,0,normal_daytime
72,4,1,0,0,0.0,0,0.0,2,0,0.891,0.791,0.931,60.3,0,0.0,14,2,0.48,0,normal_lobby_transit
84,6,2,1,1,5.1,0,0.0,2,0,0.912,0.743,0.938,55.1,0,0.0,13,4,0.795,0,normal_daytime
9,1,0,0,0,0.0,0,0.0,1,0,0.828,0.671,0.878,33.6,0,0.0,16,5,0.331,0,normal_daytime
26,2,2,1,1,7.1,0,0.0,2,0,0.914,0.795,0.972,52.4,1,1.0,9,1,0.467,0,normal_daytime
4,1,1,0,0,0.0,0,1.0,1,0,0.897,0.777,0.947,46.8,0,0.0,2,1,0.14,0,normal_night_staff
14,1,1,1,0,11.2,0,0.0,1,0,0.856,0.69,0.882,40.9,0,0.0,15,3,0.353,0,normal_daytime
57,3,0,0,0,0.0,0,0.0,2,0,0.936,0.836,0.976,40.8,0,0.0,12,6,0.41,0,normal_lobby_transit
11,1,1,0,0,0.0,0,0.0,1,0,0.823,0.671,0.845,25.1,0,0.0,18,3,0.305,0,normal_daytime
56,2,1,4,3,27.1,0,0.0,1,3,0.887,0.787,0.937,32.5,2,3.0,12,1,0.86,1,repeated_reconnaissance
26,2,1,1,1,4.7,0,0.0,1,0,0.84,0.758,0.889,38.0,1,1.0,18,0,0.424,0,normal_daytime
42,3,3,0,0,0.0,0,0.0,3,0,0.897,0.815,0.956,37.4,0,0.0,8,5,0.502,0,normal_daytime
36,3,1,0,0,0.0,0,0.0,3,0,0.851,0.751,0.891,51.3,0,0.0,16,6,0.41,0,normal_lobby_transit
4,1,0,1,1,3.9,0,1.0,0,0,0.841,0.721,0.891,41.2,0,0.0,1,1,0.14,0,normal_night_staff
4,1,1,1,1,2.3,0,1.0,1,0,0.872,0.752,0.922,39.8,0,0.0,22,3,0.14,0,normal_night_staff
9,1,1,0,0,0.0,0,0.0,1,0,0.888,0.79,0.914,55.4,0,0.0,14,4,0.396,0,normal_daytime
7,1,0,0,0,0.0,0,1.0,0,0,0.858,0.738,0.908,45.9,0,0.0,3,2,0.14,0,normal_night_staff
75,5,3,2,2,8.7,0,0.0,3,1,0.935,0.761,0.969,48.0,0,0.0,12,3,0.694,0,normal_daytime
30,3,2,0,0,0.0,0,0.0,2,0,0.852,0.752,0.892,61.6,0,0.0,7,3,0.41,0,normal_lobby_transit
56,4,0,2,1,9.6,0,0.0,1,0,0.833,0.738,0.862,55.7,0,0.0,16,2,0.637,0,normal_daytime
66,6,2,0,0,0.0,0,0.0,1,0,0.861,0.761,0.901,61.5,0,0.0,12,2,0.62,0,normal_lobby_transit
15,1,1,0,0,0.0,0,0.0,1,0,0.83,0.677,0.868,61.4,0,0.0,18,5,0.414,0,normal_daytime
36,4,2,2,0,10.7,0,0.0,2,0,0.905,0.729,0.945,56.1,0,0.0,9,1,0.638,0,normal_daytime
8,2,0,0,0,0.0,0,1.0,0,0,0.806,0.686,0.856,27.9,0,0.0,6,0,0.2,0,normal_night_staff
60,6,3,1,0,4.4,0,0.0,3,0,0.872,0.762,0.894,39.6,0,0.0,10,2,0.749,0,normal_daytime
30,2,2,1,1,8.3,0,0.0,2,0,0.894,0.772,0.92,41.5,0,0.0,9,2,0.434,0,normal_daytime
56,4,1,1,1,5.5,0,0.0,1,0,0.883,0.749,0.925,44.4,0,0.0,16,1,0.603,0,normal_daytime
112,7,2,0,0,0.0,0,0.0,2,0,0.855,0.755,0.895,48.8,0,0.0,9,5,0.69,0,normal_lobby_transit
70,5,2,0,0,0.0,0,0.0,2,1,0.887,0.723,0.922,44.3,0,0.0,15,1,0.683,0,normal_daytime
16,2,2,1,0,10.2,0,0.0,2,0,0.848,0.7,0.898,46.6,0,0.0,8,6,0.45,0,normal_daytime
18,2,1,0,0,0.0,0,1.0,1,0,0.838,0.718,0.888,29.5,0,0.0,23,1,0.2,0,normal_night_staff
27,3,0,1,1,7.4,0,0.0,1,0,0.905,0.765,0.963,57.3,0,0.0,12,1,0.562,0,normal_daytime
36,4,2,2,0,3.3,0,0.0,2,0,0.936,0.85,0.979,32.7,0,0.0,18,0,0.568,0,normal_daytime
27,1,1,1,0,120.2,1,0.0,1,0,0.924,0.844,0.974,8.1,3,3.0,12,6,0.79,1,pharmacy_loitering
140,7,2,0,0,0.0,0,0.0,1,0,0.901,0.801,0.941,63.6,0,0.0,7,0,0.69,0,normal_lobby_transit
39,1,1,1,0,112.1,1,1.0,1,1,0.865,0.785,0.915,6.6,1,1.0,20,3,0.774,1,pharmacy_loitering
10,2,1,1,1,7.5,0,1.0,1,0,0.811,0.691,0.861,32.5,0,0.0,6,4,0.2,0,normal_night_staff
9,1,1,1,0,1.2,0,0.0,1,0,0.823,0.667,0.869,31.0,1,1.0,8,2,0.323,0,normal_daytime
24,3,0,1,1,6.7,0,0.0,1,0,0.845,0.692,0.889,24.9,0,0.0,10,5,0.465,0,normal_daytime
45,3,0,2,2,8.9,0,0.0,1,0,0.909,0.773,0.939,55.7,0,0.0,16,0,0.557,0,normal_daytime
5,1,0,1,1,3.8,0,1.0,0,0,0.855,0.735,0.905,45.9,0,0.0,22,2,0.14,0,normal_night_staff
30,2,1,0,0,0.0,0,0.0,2,0,0.924,0.824,0.964,70.8,0,0.0,12,2,0.34,0,normal_lobby_transit
9,1,1,1,1,5.2,0,1.0,1,0,0.85,0.73,0.9,30.4,0,0.0,22,2,0.14,0,normal_night_staff
80,5,0,0,0,0.0,0,0.0,2,0,0.878,0.778,0.918,39.9,0,0.0,18,6,0.55,0,normal_lobby_transit
30,3,1,0,0,0.0,0,0.0,2,0,0.892,0.792,0.932,71.5,0,0.0,9,2,0.41,0,normal_lobby_transit
45,3,1,0,0,0.0,0,0.0,1,0,0.856,0.71,0.902,33.6,0,0.0,9,4,0.491,0,normal_daytime
39,3,2,0,0,0.0,0,0.0,2,0,0.897,0.749,0.92,46.2,0,0.0,9,0,0.529,0,normal_daytime
84,6,1,1,1,11.2,0,0.0,1,0,0.841,0.705,0.897,59.9,0,0.0,14,4,0.81,0,normal_daytime
4,1,0,0,0,0.0,0,1.0,0,0,0.807,0.687,0.857,33.7,0,0.0,5,6,0.14,0,normal_night_staff
16,2,1,0,0,0.0,0,1.0,1,0,0.898,0.778,0.948,46.3,0,0.0,5,4,0.2,0,normal_night_staff
40,4,2,0,0,0.0,0,0.0,2,0,0.915,0.771,0.959,29.3,0,0.0,15,3,0.558,0,normal_daytime
40,4,1,2,2,0.3,0,0.0,1,1,0.936,0.802,0.961,36.9,0,0.0,19,1,0.581,0,normal_daytime
13,1,0,1,1,3.4,0,0.0,1,0,0.872,0.767,0.912,36.4,1,1.0,8,0,0.339,0,normal_daytime
70,5,1,0,0,0.0,0,0.0,1,0,0.906,0.76,0.928,58.4,0,0.0,8,1,0.725,0,normal_daytime
32,4,1,1,1,6.0,0,0.0,1,0,0.912,0.751,0.965,30.6,1,1.0,8,4,0.562,0,normal_daytime
50,5,0,0,0,0.0,0,0.0,2,0,0.9,0.8,0.94,74.8,0,0.0,18,1,0.55,0,normal_lobby_transit
84,6,0,0,0,0.0,0,0.0,2,0,0.941,0.841,0.981,72.8,0,0.0,12,4,0.62,0,normal_lobby_transit
24,1,1,2,0,104.5,2,1.0,1,2,0.85,0.67,0.91,12.5,3,4.5,1,0,0.859,1,after_hours_breach
28,1,1,1,0,76.1,1,1.0,1,0,0.928,0.848,0.978,1.5,2,2.0,21,5,0.702,1,pharmacy_loitering
30,2,2,1,1,2.9,0,0.0,2,0,0.902,0.805,0.935,41.6,0,0.0,8,0,0.435,0,normal_daytime
60,6,2,1,1,8.7,0,0.0,2,1,0.836,0.66,0.888,27.4,0,0.0,15,6,0.712,0,normal_daytime
20,2,0,0,0,0.0,0,1.0,0,0,0.898,0.778,0.948,35.8,0,0.0,1,6,0.2,0,normal_night_staff
30,2,2,1,1,1.9,0,0.0,2,1,0.911,0.82,0.942,33.9,0,0.0,13,3,0.412,0,normal_daytime
96,8,8,4,2,64.4,4,1.0,8,2,0.818,0.618,0.878,21.4,4,8.0,22,3,0.92,1,crowd_surge
44,2,2,3,0,138.3,1,1.0,2,1,0.835,0.655,0.895,17.7,3,4.5,2,5,0.927,1,after_hours_breach
112,7,0,0,0,0.0,0,0.0,2,0,0.902,0.802,0.942,47.8,0,0.0,17,6,0.69,0,normal_lobby_transit
60,4,2,0,0,0.0,0,0.0,2,0,0.879,0.76,0.906,25.2,0,0.0,9,3,0.546,0,normal_daytime
52,4,1,1,0,8.5,0,0.0,1,1,0.893,0.794,0.925,51.1,0,0.0,19,0,0.623,0,normal_daytime
37,1,1,1,0,70.8,1,0.0,1,0,0.917,0.837,0.967,3.3,1,1.0,12,0,0.692,1,pharmacy_loitering
26,2,1,2,1,1.8,0,0.0,1,0,0.859,0.718,0.886,64.6,0,0.0,8,0,0.504,0,normal_daytime
60,6,1,0,0,0.0,0,0.0,1,0,0.869,0.751,0.922,48.6,0,0.0,18,6,0.776,0,normal_daytime
33,3,1,0,0,0.0,0,0.0,1,0,0.923,0.823,0.963,60.9,0,0.0,14,2,0.41,0,normal_lobby_transit
9,1,1,2,0,1.0,0,0.0,1,1,0.857,0.752,0.888,48.9,2,2.0,14,4,0.377,0,normal_daytime
52,4,0,2,2,4.6,0,0.0,1,0,0.865,0.747,0.916,61.2,0,0.0,9,5,0.654,0,normal_daytime
75,5,0,0,0,0.0,0,0.0,1,0,0.91,0.741,0.969,39.8,0,0.0,10,1,0.669,0,normal_daytime
60,4,0,0,0,0.0,0,0.0,1,0,0.837,0.662,0.895,44.3,0,0.0,18,4,0.603,0,normal_daytime
90,5,1,0,0,0.0,0,0.0,1,0,0.929,0.829,0.969,35.6,0,0.0,18,5,0.55,0,normal_lobby_transit
40,4,3,2,2,1.7,0,0.0,3,0,0.868,0.774,0.924,60.9,0,0.0,8,1,0.653,0,normal_daytime
65,5,3,0,0,0.0,0,0.0,3,0,0.921,0.767,0.976,56.3,0,0.0,19,2,0.719,0,normal_daytime
40,5,2,0,0,0.0,0,0.0,2,0,0.923,0.763,0.951,42.4,0,0.0,18,2,0.677,0,normal_daytime
8,1,0,1,1,4.0,0,1.0,0,0,0.832,0.712,0.882,48.7,0,0.0,3,5,0.14,0,normal_night_staff
39,3,1,0,0,0.0,0,0.0,1,0,0.831,0.711,0.888,53.6,0,0.0,10,1,0.551,0,normal_daytime
32,2,2,3,0,90.2,1,1.0,2,2,0.787,0.607,0.847,12.1,2,3.0,3,4,0.83,1,after_hours_breach
4,1,1,1,1,3.6,0,1.0,1,0,0.869,0.749,0.919,39.9,0,0.0,1,3,0.14,0,normal_night_staff
40,4,3,1,0,6.3,0,0.0,3,0,0.94,0.8,0.984,37.6,0,0.0,18,3,0.583,0,normal_daytime
42,1,1,1,0,113.7,1,0.0,1,1,0.908,0.828,0.958,8.7,1,1.0,14,2,0.777,1,pharmacy_loitering
9,1,1,0,0,0.0,0,1.0,1,0,0.875,0.755,0.925,44.6,0,0.0,21,4,0.14,0,normal_night_staff
44,4,0,0,0,0.0,0,0.0,2,0,0.895,0.795,0.935,55.5,0,0.0,20,0,0.48,0,normal_lobby_transit
60,5,2,1,1,3.0,0,0.0,2,0,0.901,0.771,0.946,26.8,0,0.0,16,3,0.63,0,normal_daytime
4,1,0,0,0,0.0,0,1.0,0,0,0.856,0.736,0.906,41.9,0,0.0,23,2,0.14,0,normal_night_staff
39,3,0,0,0,0.0,0,0.0,1,1,0.856,0.716,0.915,26.4,0,0.0,9,5,0.469,0,normal_daytime
6,1,0,1,1,5.6,0,1.0,0,0,0.847,0.727,0.897,44.3,0,0.0,1,2,0.14,0,normal_night_staff
28,2,1,0,0,0.0,0,0.0,1,0,0.861,0.75,0.906,48.3,0,0.0,16,3,0.455,0,normal_daytime
16,2,1,0,0,0.0,0,1.0,1,0,0.903,0.783,0.953,37.4,0,0.0,2,4,0.2,0,normal_night_staff
52,4,0,0,0,0.0,0,0.0,1,0,0.904,0.786,0.964,46.7,0,0.0,19,0,0.61,0,normal_daytime
9,1,1,0,0,0.0,0,1.0,1,0,0.804,0.684,0.854,35.8,0,0.0,0,0,0.14,0,normal_night_staff
24,2,0,0,0,0.0,0,0.0,1,0,0.861,0.734,0.881,61.6,0,0.0,14,2,0.495,0,normal_daytime
70,2,2,4,1,93.7,1,1.0,2,2,0.831,0.651,0.891,17.7,5,7.5,4,5,0.837,1,after_hours_breach
33,3,1,0,0,0.0,0,0.0,1,0,0.868,0.76,0.891,55.3,0,0.0,15,2,0.556,0,normal_daytime
9,1,0,0,0,0.0,0,1.0,0,0,0.822,0.702,0.872,40.4,0,0.0,2,1,0.14,0,normal_night_staff
8,1,1,0,0,0.0,0,1.0,1,0,0.882,0.762,0.932,35.1,0,0.0,21,6,0.14,0,normal_night_staff
8,2,0,1,1,6.6,0,1.0,0,0,0.907,0.787,0.957,33.8,0,0.0,2,4,0.2,0,normal_night_staff
96,6,0,0,0,0.0,0,0.0,3,0,0.86,0.76,0.9,60.2,0,0.0,19,5,0.62,0,normal_lobby_transit
52,4,2,0,0,0.0,0,0.0,2,0,0.921,0.775,0.979,51.7,0,0.0,10,2,0.625,0,normal_daytime
18,2,0,0,0,0.0,0,1.0,0,0,0.9,0.78,0.95,28.2,0,0.0,22,0,0.2,0,normal_night_staff
40,4,0,0,0,0.0,0,0.0,2,0,0.85,0.75,0.89,37.8,0,0.0,13,5,0.48,0,normal_lobby_transit
9,1,0,0,0,0.0,0,1.0,0,0,0.843,0.723,0.893,43.6,0,0.0,23,5,0.14,0,normal_night_staff
22,2,2,0,0,0.0,0,0.0,2,0,0.897,0.73,0.939,26.4,0,0.0,16,3,0.389,0,normal_daytime
56,4,3,1,1,0.6,0,0.0,3,0,0.834,0.741,0.885,22.8,1,1.0,13,1,0.538,0,normal_daytime
4,1,1,0,0,0.0,0,1.0,1,0,0.917,0.797,0.967,34.9,0,0.0,1,1,0.14,0,normal_night_staff
7,1,0,1,1,7.6,0,1.0,0,0,0.832,0.712,0.882,26.0,0,0.0,21,2,0.14,0,normal_night_staff
18,2,0,0,0,0.0,0,1.0,0,0,0.823,0.703,0.873,27.2,0,0.0,1,6,0.2,0,normal_night_staff
18,2,1,1,1,6.7,0,1.0,1,0,0.827,0.707,0.877,27.9,0,0.0,3,5,0.2,0,normal_night_staff
16,2,0,1,1,4.4,0,1.0,0,0,0.815,0.695,0.865,26.9,0,0.0,1,6,0.2,0,normal_night_staff
12,1,0,1,1,2.6,0,0.0,1,0,0.914,0.748,0.971,38.7,0,0.0,16,3,0.346,0,normal_daytime
60,6,1,1,1,8.2,0,0.0,1,0,0.882,0.777,0.921,62.3,0,0.0,13,4,0.817,0,normal_daytime
45,3,3,1,1,0.7,0,0.0,3,0,0.904,0.813,0.946,42.4,1,1.0,10,1,0.517,0,normal_daytime
56,4,3,0,0,0.0,0,0.0,3,0,0.93,0.799,0.951,40.8,0,0.0,18,3,0.592,0,normal_daytime
90,6,0,0,0,0.0,0,0.0,1,1,0.887,0.761,0.92,37.9,0,0.0,11,4,0.744,0,normal_daytime
24,3,0,2,0,8.2,0,0.0,1,0,0.84,0.664,0.881,22.2,0,0.0,9,4,0.457,0,normal_daytime
68,4,1,0,0,0.0,0,0.0,3,0,0.863,0.763,0.903,41.9,0,0.0,17,3,0.48,0,normal_lobby_transit
70,5,3,1,1,4.6,0,0.0,3,0,0.903,0.736,0.936,47.3,0,0.0,11,5,0.692,0,normal_daytime
8,2,1,0,0,0.0,0,1.0,1,0,0.862,0.742,0.912,37.7,0,0.0,6,2,0.2,0,normal_night_staff
60,4,3,1,0,0.5,0,0.0,3,0,0.881,0.738,0.928,46.0,0,0.0,19,4,0.608,0,normal_daytime
39,3,3,1,1,6.3,0,0.0,3,0,0.876,0.743,0.929,60.7,0,0.0,8,0,0.572,0,normal_daytime
10,2,1,1,1,5.9,0,1.0,1,0,0.86,0.74,0.91,26.3,0,0.0,1,6,0.2,0,normal_night_staff
5,1,0,1,1,1.4,0,1.0,0,0,0.83,0.71,0.88,46.2,0,0.0,22,6,0.14,0,normal_night_staff
4,1,0,0,0,0.0,0,1.0,0,0,0.887,0.767,0.937,36.4,0,0.0,21,3,0.14,0,normal_night_staff
28,2,0,1,0,3.8,0,0.0,1,1,0.905,0.744,0.94,50.5,0,0.0,11,5,0.462,0,normal_daytime
29,1,1,3,0,143.6,1,1.0,1,1,0.858,0.678,0.918,18.4,5,7.5,2,3,0.937,1,after_hours_breach
60,4,1,0,0,0.0,0,0.0,1,0,0.945,0.845,0.985,59.7,0,0.0,17,2,0.48,0,normal_lobby_transit
9,1,1,0,0,0.0,0,0.0,1,0,0.837,0.713,0.882,61.2,0,0.0,8,2,0.414,0,normal_daytime
60,6,3,1,0,8.7,0,0.0,3,0,0.842,0.703,0.898,45.5,0,0.0,17,0,0.766,0,normal_daytime
14,2,0,0,0,0.0,0,1.0,0,0,0.818,0.698,0.868,48.3,0,0.0,4,2,0.2,0,normal_night_staff
4,1,1,1,1,3.9,0,1.0,1,0,0.898,0.778,0.948,42.6,0,0.0,22,1,0.14,0,normal_night_staff
39,3,1,2,0,7.9,0,0.0,1,0,0.92,0.742,0.973,60.6,0,0.0,17,1,0.572,0,normal_daytime
84,6,1,0,0,0.0,0,0.0,1,0,0.907,0.746,0.96,45.1,0,0.0,9,2,0.765,0,normal_daytime
70,5,2,0,0,0.0,0,0.0,2,0,0.939,0.841,0.974,35.7,0,0.0,9,0,0.657,0,normal_daytime
26,2,1,1,1,8.0,0,0.0,1,1,0.918,0.783,0.956,35.5,0,0.0,9,6,0.416,0,normal_daytime
64,4,1,0,0,0.0,0,0.0,1,0,0.903,0.803,0.943,36.6,0,0.0,17,4,0.48,0,normal_lobby_transit
57,3,2,0,0,0.0,0,0.0,1,0,0.888,0.788,0.928,57.0,0,0.0,12,4,0.41,0,normal_lobby_transit
65,5,1,0,0,0.0,0,0.0,3,0,0.876,0.776,0.916,52.6,0,0.0,16,3,0.55,0,normal_lobby_transit
45,3,3,0,0,0.0,0,0.0,3,1,0.862,0.778,0.917,37.2,0,0.0,18,2,0.502,0,normal_daytime
28,1,1,3,1,116.9,1,1.0,1,2,0.819,0.639,0.879,13.7,4,6.0,4,2,0.884,1,after_hours_breach
8,1,1,1,1,5.6,0,1.0,1,0,0.879,0.759,0.929,26.9,0,0.0,0,2,0.14,0,normal_night_staff
77,7,2,0,0,0.0,0,0.0,1,0,0.859,0.759,0.899,59.2,0,0.0,10,4,0.69,0,normal_lobby_transit
14,2,1,0,0,0.0,0,1.0,1,0,0.813,0.693,0.863,48.6,0,0.0,1,1,0.2,0,normal_night_staff
5,1,0,0,0,0.0,0,1.0,0,0,0.851,0.731,0.901,32.9,0,0.0,6,5,0.14,0,normal_night_staff
8,2,0,0,0,0.0,0,1.0,0,0,0.894,0.774,0.944,37.1,0,0.0,21,0,0.2,0,normal_night_staff
40,1,1,1,0,97.0,1,1.0,1,1,0.88,0.8,0.93,8.1,1,1.0,22,1,0.744,1,pharmacy_loitering
30,3,0,0,0,0.0,0,0.0,1,0,0.921,0.766,0.947,62.5,0,0.0,16,1,0.578,0,normal_daytime
15,1,1,0,0,0.0,0,0.0,1,1,0.847,0.671,0.894,22.8,0,0.0,19,6,0.298,0,normal_daytime
45,1,1,1,0,231.5,1,1.0,1,0,0.867,0.787,0.917,7.1,3,3.0,21,4,1.0,1,pharmacy_loitering
80,4,0,0,0,0.0,0,0.0,2,0,0.858,0.758,0.898,40.8,0,0.0,13,6,0.48,0,normal_lobby_transit
24,1,1,4,0,86.1,2,1.0,1,2,0.782,0.602,0.842,10.6,3,4.5,3,6,0.822,1,after_hours_breach
15,1,1,0,0,0.0,0,0.0,1,0,0.906,0.727,0.939,50.9,0,0.0,11,3,0.383,0,normal_daytime
4,1,1,0,0,0.0,0,1.0,1,0,0.802,0.682,0.852,28.8,0,0.0,3,5,0.14,0,normal_night_staff
20,2,0,1,1,7.8,0,1.0,0,0,0.881,0.761,0.931,47.0,0,0.0,0,5,0.2,0,normal_night_staff
40,2,0,0,0,0.0,0,0.0,2,0,0.872,0.772,0.912,73.6,0,0.0,11,2,0.34,0,normal_lobby_transit
260,13,5,8,2,55.0,3,1.0,5,2,0.863,0.663,0.923,22.8,5,10.0,21,2,0.995,1,crowd_surge
70,5,2,1,1,10.4,0,0.0,2,0,0.896,0.738,0.93,28.1,0,0.0,19,2,0.634,0,normal_daytime
8,2,0,1,1,6.4,0,1.0,0,0,0.899,0.779,0.949,34.2,0,0.0,4,4,0.2,0,normal_night_staff
54,3,0,0,0,0.0,0,0.0,3,0,0.868,0.768,0.908,41.8,0,0.0,17,2,0.41,0,normal_lobby_transit
45,5,1,0,0,0.0,0,0.0,1,0,0.919,0.771,0.942,40.3,0,0.0,15,0,0.671,0,normal_daytime
12,2,0,0,0,0.0,0,1.0,0,0,0.848,0.728,0.898,33.4,0,0.0,3,2,0.2,0,normal_night_staff
55,5,3,0,0,0.0,0,0.0,3,0,0.849,0.69,0.875,26.8,0,0.0,11,6,0.63,0,normal_daytime
20,2,0,1,1,5.3,0,0.0,1,0,0.906,0.777,0.962,41.2,1,1.0,16,4,0.434,0,normal_daytime
6,1,1,1,1,6.2,0,1.0,1,0,0.871,0.751,0.921,40.1,0,0.0,5,6,0.14,0,normal_night_staff
208,16,6,5,3,44.1,4,0.0,6,2,0.869,0.669,0.929,21.8,7,14.0,14,2,1.0,1,crowd_surge
48,4,3,0,0,0.0,0,0.0,3,0,0.868,0.765,0.927,49.2,0,0.0,10,5,0.618,0,normal_daytime
273,13,10,7,1,70.4,2,1.0,10,1,0.826,0.626,0.886,27.0,7,14.0,21,1,0.995,1,crowd_surge
9,1,1,0,0,0.0,0,1.0,1,0,0.872,0.752,0.922,33.7,0,0.0,1,2,0.14,0,normal_night_staff
14,1,1,2,0,8.3,0,0.0,1,0,0.908,0.815,0.943,47.8,0,0.0,16,5,0.373,0,normal_daytime
14,1,1,1,1,2.9,0,0.0,1,0,0.823,0.683,0.877,47.3,0,0.0,16,6,0.372,0,normal_daytime
10,1,0,0,0,0.0,0,0.0,1,1,0.902,0.748,0.957,37.4,0,0.0,10,5,0.342,0,normal_daytime
38,2,0,0,0,0.0,0,0.0,2,0,0.856,0.756,0.896,46.0,0,0.0,19,1,0.34,0,normal_lobby_transit
48,6,1,1,0,3.0,0,0.0,1,0,0.822,0.706,0.878,63.1,0,0.0,10,6,0.819,0,normal_daytime
40,5,2,0,0,0.0,0,0.0,2,0,0.914,0.769,0.964,62.8,0,0.0,8,5,0.738,0,normal_daytime
22,2,0,2,0,7.4,0,0.0,1,0,0.876,0.733,0.904,24.3,2,2.0,8,4,0.383,0,normal_daytime
14,2,0,1,1,7.1,0,1.0,0,0,0.878,0.758,0.928,31.9,0,0.0,23,5,0.2,0,normal_night_staff
4,1,1,1,1,5.2,0,1.0,1,0,0.897,0.777,0.947,43.2,0,0.0,22,0,0.14,0,normal_night_staff
9,1,1,0,0,0.0,0,1.0,1,0,0.872,0.752,0.922,36.7,0,0.0,22,3,0.14,0,normal_night_staff
66,6,3,1,0,9.5,0,0.0,3,0,0.88,0.704,0.932,63.6,1,1.0,11,0,0.821,0,normal_daytime
40,5,3,1,1,9.0,0,0.0,3,0,0.825,0.706,0.868,43.6,0,0.0,13,2,0.681,0,normal_daytime
40,4,1,2,1,2.2,0,0.0,1,0,0.921,0.772,0.968,28.6,2,2.0,13,2,0.556,0,normal_daytime
24,3,1,1,0,11.8,0,0.0,1,0,0.858,0.735,0.908,23.9,0,0.0,9,4,0.462,0,normal_daytime
9,1,0,1,1,3.9,0,1.0,0,0,0.891,0.771,0.941,28.0,0,0.0,1,5,0.14,0,normal_night_staff
7,1,1,0,0,0.0,0,1.0,1,0,0.837,0.717,0.887,34.7,0,0.0,1,5,0.14,0,normal_night_staff
44,4,3,0,0,0.0,0,0.0,3,0,0.854,0.769,0.914,39.3,0,0.0,12,2,0.588,0,normal_daytime
75,5,0,0,0,0.0,0,0.0,3,0,0.908,0.808,0.948,40.5,0,0.0,18,5,0.55,0,normal_lobby_transit
42,3,2,0,0,0.0,0,0.0,2,0,0.923,0.805,0.944,38.5,0,0.0,8,2,0.506,0,normal_daytime
10,2,1,1,1,1.6,0,1.0,1,0,0.859,0.739,0.909,33.6,0,0.0,6,5,0.2,0,normal_night_staff
140,7,1,0,0,0.0,0,0.0,1,0,0.871,0.771,0.911,59.4,0,0.0,13,0,0.69,0,normal_lobby_transit
95,5,0,0,0,0.0,0,0.0,2,0,0.851,0.751,0.891,66.8,0,0.0,16,5,0.55,0,normal_lobby_transit
112,7,0,0,0,0.0,0,0.0,3,0,0.918,0.818,0.958,50.7,0,0.0,16,0,0.69,0,normal_lobby_transit
70,5,0,0,0,0.0,0,0.0,1,0,0.825,0.65,0.88,57.1,0,0.0,12,1,0.721,0,normal_daytime
8,1,1,1,1,7.2,0,1.0,1,0,0.832,0.712,0.882,46.0,0,0.0,21,2,0.14,0,normal_night_staff
13,1,1,1,1,9.7,0,0.0,1,1,0.882,0.762,0.91,29.4,0,0.0,15,1,0.318,0,normal_daytime
25,1,1,1,0,117.5,1,0.0,1,0,0.853,0.773,0.903,2.8,3,3.0,19,1,0.785,1,pharmacy_loitering
40,5,0,0,0,0.0,0,0.0,1,0,0.827,0.703,0.858,35.5,0,0.0,14,5,0.657,0,normal_daytime
20,2,1,0,0,0.0,0,0.0,1,0,0.928,0.843,0.968,40.9,0,0.0,17,1,0.433,0,normal_daytime
36,4,3,2,1,7.0,0,0.0,3,1,0.885,0.726,0.919,60.5,0,0.0,14,6,0.651,0,normal_daytime
7,1,1,1,1,7.4,0,1.0,1,0,0.801,0.681,0.851,32.0,0,0.0,5,2,0.14,0,normal_night_staff
32,4,1,1,1,6.4,0,0.0,1,0,0.832,0.653,0.874,52.9,1,1.0,10,1,0.629,0,normal_daytime
70,7,0,0,0,0.0,0,0.0,2,0,0.945,0.845,0.985,58.6,0,0.0,20,2,0.69,0,normal_lobby_transit
48,6,1,2,2,7.6,0,0.0,1,1,0.914,0.8,0.963,63.6,0,0.0,14,1,0.821,0,normal_daytime
75,5,1,2,2,11.5,0,0.0,1,0,0.921,0.834,0.974,24.1,2,2.0,10,5,0.622,0,normal_daytime
14,2,1,1,1,3.7,0,1.0,1,0,0.899,0.779,0.949,46.2,0,0.0,22,2,0.2,0,normal_night_staff
8,1,1,1,1,0.7,0,0.0,1,1,0.919,0.766,0.941,39.2,0,0.0,19,4,0.348,0,normal_daytime
75,5,1,1,1,8.5,0,0.0,1,1,0.92,0.773,0.969,56.2,0,0.0,18,2,0.719,0,normal_daytime
9,1,1,0,0,0.0,0,1.0,1,0,0.869,0.749,0.919,43.0,0,0.0,5,6,0.14,0,normal_night_staff
60,4,3,0,0,0.0,0,0.0,3,0,0.906,0.782,0.945,34.0,0,0.0,18,5,0.572,0,normal_daytime
56,4,2,2,0,10.7,0,0.0,2,0,0.848,0.678,0.896,46.4,0,0.0,10,0,0.609,0,normal_daytime
72,6,0,0,0,0.0,0,0.0,2,0,0.887,0.787,0.927,65.2,0,0.0,12,2,0.62,0,normal_lobby_transit
65,5,1,0,0,0.0,0,0.0,1,1,0.886,0.752,0.926,45.1,0,0.0,19,3,0.685,0,normal_daytime
4,1,1,0,0,0.0,0,1.0,1,0,0.844,0.724,0.894,32.2,0,0.0,4,5,0.14,0,normal_night_staff
22,2,2,0,0,0.0,0,0.0,1,0,0.864,0.764,0.904,70.4,0,0.0,9,1,0.34,0,normal_lobby_transit
10,1,0,0,0,0.0,0,1.0,0,0,0.857,0.737,0.907,31.9,0,0.0,22,6,0.14,0,normal_night_staff
6,1,1,1,1,4.7,0,1.0,1,0,0.88,0.76,0.93,45.9,0,0.0,2,6,0.14,0,normal_night_staff
10,1,0,1,1,10.6,0,0.0,1,0,0.876,0.758,0.92,59.0,1,1.0,9,5,0.407,0,normal_daytime
20,2,2,2,2,7.6,0,0.0,2,0,0.911,0.775,0.954,62.5,0,0.0,13,5,0.497,0,normal_daytime
48,4,0,0,0,0.0,0,0.0,1,0,0.9,0.72,0.948,57.1,0,0.0,16,6,0.641,0,normal_daytime
78,6,0,0,0,0.0,0,0.0,3,0,0.872,0.772,0.912,35.7,0,0.0,9,3,0.62,0,normal_lobby_transit
9,1,1,1,1,4.9,0,1.0,1,0,0.819,0.699,0.869,26.4,0,0.0,6,5,0.14,0,normal_night_staff
195,15,5,4,3,58.3,4,1.0,5,2,0.789,0.589,0.849,16.1,3,6.0,23,2,1.0,1,crowd_surge
78,6,0,1,1,9.3,0,0.0,1,0,0.925,0.75,0.971,49.0,1,1.0,17,0,0.777,0,normal_daytime
8,1,1,0,0,0.0,0,1.0,1,0,0.856,0.736,0.906,43.8,0,0.0,6,2,0.14,0,normal_night_staff
48,4,2,0,0,0.0,0,0.0,3,0,0.888,0.788,0.928,53.2,0,0.0,7,1,0.48,0,normal_lobby_transit
48,6,0,2,1,11.9,0,0.0,1,0,0.916,0.807,0.943,22.7,0,0.0,13,3,0.698,0,normal_daytime
14,1,0,0,0,0.0,0,0.0,1,0,0.825,0.73,0.86,64.6,0,0.0,16,2,0.424,0,normal_daytime
26,2,1,1,1,1.1,0,0.0,1,0,0.866,0.718,0.889,62.4,1,1.0,8,4,0.497,0,normal_daytime
6,1,0,1,1,6.6,0,1.0,0,0,0.825,0.705,0.875,37.4,0,0.0,5,2,0.14,0,normal_night_staff
10,1,1,0,0,0.0,0,1.0,1,0,0.852,0.732,0.902,34.1,0,0.0,21,6,0.14,0,normal_night_staff
36,3,2,0,0,0.0,0,0.0,1,0,0.898,0.798,0.938,53.3,0,0.0,18,3,0.41,0,normal_lobby_transit
48,2,2,4,1,55.2,2,1.0,2,2,0.859,0.679,0.919,6.4,3,4.5,3,5,0.76,1,after_hours_breach
48,4,0,2,1,5.0,0,0.0,1,0,0.822,0.65,0.86,37.9,2,2.0,17,5,0.584,0,normal_daytime
14,2,0,1,1,7.0,0,1.0,0,0,0.825,0.705,0.875,44.4,0,0.0,5,0,0.2,0,normal_night_staff
11,1,0,0,0,0.0,0,0.0,1,1,0.89,0.806,0.939,24.6,0,0.0,17,5,0.304,0,normal_daytime
90,6,0,1,0,4.3,0,0.0,1,0,0.848,0.714,0.886,42.5,0,0.0,13,3,0.758,0,normal_daytime
10,1,1,0,0,0.0,0,0.0,1,0,0.865,0.747,0.909,23.5,0,0.0,12,0,0.3,0,normal_daytime
20,2,1,1,0,3.2,0,0.0,1,0,0.894,0.761,0.947,34.2,1,1.0,8,6,0.413,0,normal_daytime
66,6,2,0,0,0.0,0,0.0,3,0,0.924,0.824,0.964,45.5,0,0.0,11,6,0.62,0,normal_lobby_transit
34,1,1,1,0,191.5,1,0.0,1,1,0.874,0.794,0.924,1.5,3,3.0,15,0,0.933,1,pharmacy_loitering
28,2,2,0,0,0.0,0,0.0,2,0,0.828,0.707,0.87,39.9,0,0.0,10,1,0.43,0,normal_daytime
70,2,2,4,0,118.8,2,1.0,2,3,0.822,0.642,0.882,18.3,2,3.0,1,2,0.888,1,after_hours_breach
72,6,2,0,0,0.0,0,0.0,2,0,0.922,0.781,0.964,24.8,0,0.0,19,4,0.704,0,normal_daytime
84,6,0,0,0,0.0,0,0.0,3,0,0.926,0.826,0.966,54.1,0,0.0,7,1,0.62,0,normal_lobby_transit
44,4,1,0,0,0.0,0,0.0,1,0,0.864,0.708,0.914,57.9,0,0.0,8,5,0.644,0,normal_daytime
12,2,1,1,1,1.2,0,1.0,1,0,0.805,0.685,0.855,37.1,0,0.0,0,5,0.2,0,normal_night_staff
24,1,1,1,0,224.2,1,1.0,1,1,0.925,0.845,0.975,3.8,3,3.0,21,1,0.998,1,pharmacy_loitering
60,4,3,2,2,10.8,0,0.0,3,0,0.938,0.775,0.97,63.4,2,2.0,17,0,0.66,0,normal_daytime
8,2,1,0,0,0.0,0,1.0,1,0,0.841,0.721,0.891,25.5,0,0.0,6,0,0.2,0,normal_night_staff
117,9,7,5,3,30.0,1,0.0,7,3,0.849,0.649,0.909,12.0,6,12.0,16,5,0.935,1,crowd_surge
30,2,0,2,1,4.8,0,0.0,1,0,0.834,0.654,0.883,59.8,0,0.0,14,3,0.489,0,normal_daytime
60,5,1,0,0,0.0,0,0.0,1,1,0.845,0.676,0.888,22.4,0,0.0,9,4,0.617,0,normal_daytime
51,3,1,0,0,0.0,0,0.0,1,0,0.892,0.792,0.932,65.1,0,0.0,12,2,0.41,0,normal_lobby_transit
189,9,5,6,3,73.3,2,1.0,5,1,0.832,0.632,0.892,16.7,4,8.0,21,5,0.935,1,crowd_surge
45,5,2,1,1,5.4,0,0.0,2,0,0.903,0.723,0.931,27.8,1,1.0,16,3,0.633,0,normal_daytime
54,6,1,0,0,0.0,0,0.0,1,1,0.835,0.701,0.895,36.3,0,0.0,14,3,0.739,0,normal_daytime
84,7,2,0,0,0.0,0,0.0,2,0,0.93,0.83,0.97,48.7,0,0.0,17,4,0.69,0,normal_lobby_transit
24,2,2,1,0,7.0,0,0.0,2,1,0.838,0.719,0.868,62.1,0,0.0,18,1,0.496,0,normal_daytime
12,1,1,1,1,8.4,0,0.0,1,1,0.833,0.669,0.88,32.9,1,1.0,19,4,0.329,0,normal_daytime
56,4,1,0,0,0.0,0,0.0,1,1,0.919,0.817,0.942,48.9,0,0.0,14,4,0.617,0,normal_daytime
42,3,1,2,2,3.4,0,0.0,1,0,0.881,0.77,0.915,49.3,2,2.0,8,4,0.538,0,normal_daytime
39,3,0,0,0,0.0,0,0.0,1,0,0.929,0.758,0.962,26.2,0,0.0,11,4,0.469,0,normal_daytime
70,5,2,0,0,0.0,0,0.0,2,1,0.871,0.773,0.915,45.3,0,0.0,13,2,0.686,0,normal_daytime
6,1,0,1,1,7.3,0,1.0,0,0,0.833,0.713,0.883,44.3,0,0.0,3,4,0.14,0,normal_night_staff
70,5,1,1,0,1.6,0,0.0,1,0,0.866,0.743,0.919,25.8,0,0.0,12,5,0.627,0,normal_daytime
9,1,0,0,0,0.0,0,1.0,0,0,0.832,0.712,0.882,34.5,0,0.0,1,6,0.14,0,normal_night_staff
48,4,0,2,1,11.2,0,0.0,1,0,0.933,0.84,0.958,26.6,0,0.0,12,1,0.55,0,normal_daytime
8,2,0,1,1,1.9,0,1.0,0,0,0.832,0.712,0.882,34.1,0,0.0,4,2,0.2,0,normal_night_staff
66,6,3,0,0,0.0,0,0.0,3,0,0.82,0.692,0.845,31.7,0,0.0,18,2,0.725,0,normal_daytime
60,5,3,1,1,2.6,0,0.0,3,0,0.825,0.671,0.868,34.9,0,0.0,15,2,0.655,0,normal_daytime
15,1,0,2,1,1.1,0,0.0,1,0,0.899,0.802,0.923,30.8,0,0.0,17,0,0.322,0,normal_daytime
52,4,2,0,0,0.0,0,0.0,2,0,0.842,0.687,0.899,30.2,0,0.0,16,1,0.561,0,normal_daytime
11,1,1,1,0,10.5,0,0.0,1,0,0.857,0.709,0.915,59.2,0,0.0,10,6,0.408,0,normal_daytime
4,1,0,1,1,1.7,0,1.0,0,0,0.805,0.685,0.855,47.0,0,0.0,1,5,0.14,0,normal_night_staff
6,1,0,1,1,6.5,0,1.0,0,0,0.828,0.708,0.878,29.5,0,0.0,23,5,0.14,0,normal_night_staff
56,4,2,1,1,3.3,0,0.0,2,0,0.842,0.739,0.888,37.4,1,1.0,15,3,0.582,0,normal_daytime
40,4,1,1,1,5.4,0,0.0,1,0,0.836,0.714,0.872,62.2,0,0.0,8,0,0.657,0,normal_daytime
4,1,1,1,1,5.9,0,1.0,1,0,0.916,0.796,0.966,39.1,0,0.0,5,2,0.14,0,normal_night_staff
66,2,2,4,0,100.9,1,1.0,2,1,0.85,0.67,0.91,11.4,2,3.0,0,5,0.852,1,after_hours_breach
27,3,2,2,2,4.3,0,0.0,2,1,0.853,0.676,0.911,57.4,2,2.0,11,6,0.562,0,normal_daytime
5,1,0,0,0,0.0,0,1.0,0,0,0.917,0.797,0.967,42.6,0,0.0,2,3,0.14,0,normal_night_staff
78,6,2,1,1,6.8,0,0.0,2,0,0.92,0.821,0.973,61.7,0,0.0,8,0,0.815,0,normal_daytime
39,3,3,1,0,3.6,0,0.0,3,1,0.896,0.757,0.943,64.0,0,0.0,19,4,0.582,0,normal_daytime
60,4,0,0,0,0.0,0,0.0,2,0,0.939,0.839,0.979,58.9,0,0.0,14,2,0.48,0,normal_lobby_transit
40,4,2,1,0,4.9,0,0.0,2,0,0.914,0.768,0.945,41.9,0,0.0,8,4,0.596,0,normal_daytime
56,4,0,1,1,9.8,0,0.0,1,0,0.823,0.697,0.866,22.5,0,0.0,18,2,0.537,0,normal_daytime
60,4,2,0,0,0.0,0,0.0,2,0,0.934,0.839,0.989,56.5,0,0.0,11,6,0.639,0,normal_daytime
18,2,1,1,1,5.4,0,1.0,1,0,0.917,0.797,0.967,45.6,0,0.0,3,0,0.2,0,normal_night_staff
42,3,0,0,0,0.0,0,0.0,1,0,0.857,0.728,0.881,60.2,0,0.0,15,5,0.571,0,normal_daytime
65,5,2,2,2,4.1,0,0.0,2,1,0.936,0.776,0.969,52.6,0,0.0,19,2,0.708,0,normal_daytime
18,2,2,0,0,0.0,0,0.0,2,0,0.94,0.773,0.989,26.6,0,0.0,12,0,0.39,0,normal_daytime
4,1,0,0,0,0.0,0,1.0,0,0,0.879,0.759,0.929,31.6,0,0.0,3,0,0.14,0,normal_night_staff
56,4,1,1,0,4.1,0,0.0,1,0,0.911,0.8,0.949,28.6,0,0.0,18,1,0.556,0,normal_daytime
12,2,0,1,1,4.7,0,1.0,0,0,0.801,0.681,0.851,36.4,0,0.0,5,6,0.2,0,normal_night_staff
8,1,0,1,1,5.7,0,0.0,1,1,0.91,0.755,0.951,38.3,0,0.0,12,6,0.345,0,normal_daytime
57,3,0,0,0,0.0,0,0.0,1,0,0.855,0.755,0.895,47.5,0,0.0,9,4,0.41,0,normal_lobby_transit
66,6,1,0,0,0.0,0,0.0,2,0,0.853,0.753,0.893,52.5,0,0.0,12,5,0.62,0,normal_lobby_transit
22,2,1,0,0,0.0,0,0.0,1,0,0.867,0.783,0.927,47.9,0,0.0,12,1,0.454,0,normal_daytime
41,1,1,1,0,221.9,1,0.0,1,0,0.888,0.808,0.938,8.6,3,3.0,12,4,0.994,1,pharmacy_loitering
80,4,1,0,0,0.0,0,0.0,2,0,0.917,0.817,0.957,38.4,0,0.0,13,0,0.48,0,normal_lobby_transit
33,3,0,1,1,3.0,0,0.0,1,1,0.871,0.694,0.895,33.2,0,0.0,17,0,0.49,0,normal_daytime
39,3,1,0,0,0.0,0,0.0,2,0,0.94,0.84,0.98,38.3,0,0.0,17,6,0.41,0,normal_lobby_transit
55,5,2,1,1,11.6,0,0.0,2,1,0.917,0.823,0.961,60.1,0,0.0,14,3,0.73,0,normal_daytime
6,1,1,0,0,0.0,0,1.0,1,0,0.864,0.744,0.914,44.4,0,0.0,0,0,0.14,0,normal_night_staff
45,3,2,0,0,0.0,0,0.0,2,0,0.917,0.807,0.965,47.9,0,0.0,11,3,0.534,0,normal_daytime
120,6,2,0,0,0.0,0,0.0,2,0,0.889,0.789,0.929,71.0,0,0.0,12,0,0.62,0,normal_lobby_transit
54,6,0,0,0,0.0,0,0.0,1,0,0.914,0.761,0.957,37.0,0,0.0,11,6,0.741,0,normal_daytime
15,1,1,8,7,24.2,0,0.0,1,7,0.883,0.783,0.933,52.7,5,7.5,14,4,1.0,1,repeated_reconnaissance
33,3,1,2,2,10.0,0,0.0,1,0,0.926,0.765,0.961,38.8,0,0.0,19,5,0.506,0,normal_daytime
14,1,0,0,0,0.0,0,0.0,1,0,0.888,0.801,0.934,61.2,0,0.0,8,4,0.414,0,normal_daytime
60,4,2,0,0,0.0,0,0.0,2,1,0.905,0.774,0.959,64.7,0,0.0,16,6,0.664,0,normal_daytime
8,2,0,1,1,2.7,0,1.0,0,0,0.845,0.725,0.895,42.5,0,0.0,22,2,0.2,0,normal_night_staff
4,1,0,1,1,6.3,0,1.0,0,0,0.87,0.75,0.92,44.8,0,0.0,4,3,0.14,0,normal_night_staff
42,3,2,2,0,2.3,0,0.0,2,1,0.901,0.731,0.946,34.9,0,0.0,18,3,0.495,0,normal_daytime
54,6,2,0,0,0.0,0,0.0,2,0,0.932,0.773,0.965,58.2,0,0.0,15,5,0.805,0,normal_daytime
176,8,9,8,2,50.8,3,0.0,9,2,0.86,0.66,0.92,16.8,3,6.0,17,0,0.92,1,crowd_surge
39,3,0,2,0,11.5,0,0.0,1,0,0.905,0.741,0.947,43.1,0,0.0,15,2,0.519,0,normal_daytime
24,2,0,1,0,4.6,0,0.0,1,0,0.869,0.775,0.891,36.4,0,0.0,16,4,0.419,0,normal_daytime
52,2,2,2,1,59.7,2,1.0,2,2,0.797,0.617,0.857,8.1,5,7.5,1,0,0.769,1,after_hours_breach
48,4,3,0,0,0.0,0,0.0,3,0,0.837,0.679,0.88,49.4,0,0.0,17,4,0.618,0,normal_daytime
5,1,0,0,0,0.0,0,1.0,0,0,0.854,0.734,0.904,30.9,0,0.0,6,5,0.14,0,normal_night_staff
48,4,0,0,0,0.0,0,0.0,1,0,0.874,0.785,0.899,62.0,0,0.0,12,0,0.656,0,normal_daytime
60,4,0,0,0,0.0,0,0.0,1,0,0.931,0.807,0.979,27.2,0,0.0,17,6,0.552,0,normal_daytime
56,4,0,2,1,2.5,0,0.0,1,1,0.872,0.704,0.906,22.9,0,0.0,10,5,0.539,0,normal_daytime
8,2,0,1,1,6.9,0,1.0,0,0,0.851,0.731,0.901,27.7,0,0.0,1,3,0.2,0,normal_night_staff
184,8,6,6,2,53.1,3,0.0,6,3,0.831,0.631,0.891,24.2,6,12.0,18,4,0.92,1,crowd_surge
33,1,1,1,0,208.9,1,0.0,1,1,0.899,0.819,0.949,2.8,3,3.0,10,4,0.968,1,pharmacy_loitering
65,5,3,2,2,10.7,0,0.0,3,1,0.92,0.785,0.976,54.0,0,0.0,15,5,0.712,0,normal_daytime
78,6,2,0,0,0.0,0,0.0,3,0,0.911,0.811,0.951,35.1,0,0.0,10,5,0.62,0,normal_lobby_transit
50,5,3,0,0,0.0,0,0.0,3,1,0.822,0.73,0.853,45.8,0,0.0,14,3,0.687,0,normal_daytime
16,2,0,1,1,7.4,0,1.0,0,0,0.869,0.749,0.919,29.7,0,0.0,3,3,0.2,0,normal_night_staff
60,4,1,1,1,6.0,0,0.0,1,0,0.885,0.724,0.927,22.8,0,0.0,16,6,0.538,0,normal_daytime
32,4,2,0,0,0.0,0,0.0,2,0,0.938,0.839,0.983,22.7,0,0.0,9,0,0.538,0,normal_daytime
42,3,3,2,0,3.1,0,0.0,3,0,0.899,0.805,0.942,33.5,0,0.0,14,1,0.491,0,normal_daytime
15,1,1,8,7,28.6,1,1.0,1,7,0.85,0.75,0.9,47.6,4,6.0,22,2,1.0,1,repeated_reconnaissance
85,5,2,0,0,0.0,0,0.0,3,0,0.946,0.846,0.986,40.4,0,0.0,16,0,0.55,0,normal_lobby_transit
13,1,0,1,1,5.4,0,0.0,1,0,0.864,0.755,0.91,64.0,1,1.0,12,4,0.422,0,normal_daytime
30,2,2,2,1,72.9,2,1.0,2,1,0.841,0.661,0.901,18.5,4,6.0,3,5,0.796,1,after_hours_breach
32,4,0,1,0,1.9,0,0.0,1,0,0.939,0.803,0.965,52.2,1,1.0,11,2,0.627,0,normal_daytime
5,1,1,0,0,0.0,0,1.0,1,0,0.874,0.754,0.924,33.1,0,0.0,5,6,0.14,0,normal_night_staff
16,2,0,2,0,5.0,0,0.0,1,0,0.869,0.749,0.889,64.3,2,2.0,13,5,0.503,0,normal_daytime
60,6,3,1,1,11.2,0,0.0,3,0,0.901,0.742,0.924,22.4,0,0.0,11,6,0.697,0,normal_daytime
18,2,1,0,0,0.0,0,0.0,1,0,0.847,0.71,0.899,55.1,0,0.0,18,6,0.475,0,normal_daytime
12,2,1,0,0,0.0,0,1.0,1,0,0.812,0.692,0.862,34.8,0,0.0,5,2,0.2,0,normal_night_staff
42,3,1,1,1,6.4,0,0.0,1,0,0.925,0.761,0.98,50.7,0,0.0,14,5,0.542,0,normal_daytime
50,2,2,3,0,113.2,1,1.0,2,3,0.805,0.625,0.865,15.6,5,7.5,3,3,0.876,1,after_hours_breach
368,16,8,4,3,55.7,2,1.0,8,4,0.784,0.584,0.844,24.5,7,14.0,20,3,1.0,1,crowd_surge
55,5,3,0,0,0.0,0,0.0,3,0,0.885,0.729,0.907,36.3,0,0.0,16,3,0.659,0,normal_daytime
60,4,1,1,0,10.3,0,0.0,1,1,0.94,0.795,0.976,36.8,1,1.0,16,1,0.58,0,normal_daytime
45,3,1,0,0,0.0,0,0.0,3,0,0.867,0.767,0.907,56.1,0,0.0,11,3,0.41,0,normal_lobby_transit
32,1,1,3,1,48.4,2,1.0,1,1,0.762,0.582,0.822,6.9,2,3.0,4,3,0.747,1,after_hours_breach
24,1,1,3,1,58.5,2,1.0,1,1,0.859,0.679,0.919,9.5,3,4.5,4,1,0.767,1,after_hours_breach
24,2,0,0,0,0.0,0,0.0,1,1,0.904,0.787,0.963,25.7,0,0.0,15,0,0.387,0,normal_daytime
30,3,0,0,0,0.0,0,0.0,1,0,0.914,0.801,0.948,54.9,0,0.0,17,4,0.555,0,normal_daytime
10,1,1,0,0,0.0,0,0.0,1,1,0.914,0.807,0.959,39.1,0,0.0,16,3,0.347,0,normal_daytime
60,6,2,0,0,0.0,0,0.0,2,0,0.891,0.753,0.934,57.7,0,0.0,15,4,0.803,0,normal_daytime
72,6,3,1,0,8.1,0,0.0,3,1,0.823,0.655,0.865,61.4,1,1.0,15,2,0.814,0,normal_daytime
24,3,0,1,1,5.2,0,0.0,1,0,0.9,0.765,0.95,43.8,0,0.0,13,2,0.521,0,normal_daytime
66,6,1,0,0,0.0,0,0.0,1,0,0.837,0.727,0.896,58.9,0,0.0,15,1,0.807,0,normal_daytime
32,4,0,2,0,10.4,0,0.0,1,0,0.865,0.744,0.891,29.4,0,0.0,10,5,0.558,0,normal_daytime
12,2,0,0,0,0.0,0,1.0,0,0,0.812,0.692,0.862,39.9,0,0.0,21,3,0.2,0,normal_night_staff
10,1,0,0,0,0.0,0,0.0,1,0,0.918,0.811,0.954,38.0,0,0.0,10,0,0.344,0,normal_daytime
38,2,2,2,1,92.0,1,1.0,2,1,0.778,0.598,0.838,9.6,3,4.5,0,0,0.834,1,after_hours_breach
68,2,2,4,0,112.9,2,1.0,2,1,0.765,0.585,0.825,6.6,4,6.0,0,1,0.876,1,after_hours_breach
42,3,0,0,0,0.0,0,0.0,3,0,0.94,0.84,0.98,46.7,0,0.0,17,0,0.41,0,normal_lobby_transit
70,5,2,0,0,0.0,0,0.0,2,0,0.848,0.711,0.878,45.7,0,0.0,12,4,0.687,0,normal_daytime
90,5,0,0,0,0.0,0,0.0,1,0,0.894,0.794,0.934,59.7,0,0.0,11,1,0.55,0,normal_lobby_transit
50,5,2,0,0,0.0,0,0.0,2,1,0.914,0.749,0.958,28.8,0,0.0,17,1,0.636,0,normal_daytime
20,2,1,1,0,5.5,0,0.0,1,0,0.844,0.667,0.874,48.0,0,0.0,15,5,0.454,0,normal_daytime
68,4,1,0,0,0.0,0,0.0,1,0,0.93,0.83,0.97,42.0,0,0.0,12,4,0.48,0,normal_lobby_transit
190,10,10,9,2,27.3,1,0.0,10,2,0.84,0.64,0.9,21.4,5,10.0,14,6,0.95,1,crowd_surge
252,9,10,8,1,55.3,4,0.0,10,3,0.789,0.589,0.849,20.4,3,6.0,11,3,0.935,1,crowd_surge
77,7,2,0,0,0.0,0,0.0,3,0,0.947,0.847,0.987,52.5,0,0.0,9,6,0.69,0,normal_lobby_transit
40,5,1,1,0,9.9,0,0.0,1,0,0.918,0.791,0.951,49.6,0,0.0,11,3,0.699,0,normal_daytime
8,2,0,0,0,0.0,0,1.0,0,0,0.858,0.738,0.908,39.1,0,0.0,2,6,0.2,0,normal_night_staff
32,1,1,4,1,85.0,2,1.0,1,3,0.765,0.585,0.825,18.4,4,6.0,0,5,0.82,1,after_hours_breach
20,2,1,1,1,6.3,0,1.0,1,0,0.894,0.774,0.944,29.3,0,0.0,23,1,0.2,0,normal_night_staff
12,1,1,0,0,0.0,0,0.0,1,1,0.862,0.695,0.901,42.7,0,0.0,17,5,0.358,0,normal_daytime
12,2,0,0,0,0.0,0,1.0,0,0,0.895,0.775,0.945,30.3,0,0.0,2,3,0.2,0,normal_night_staff
20,2,2,0,0,0.0,0,0.0,3,0,0.911,0.811,0.951,44.1,0,0.0,16,1,0.34,0,normal_lobby_transit
33,3,1,0,0,0.0,0,0.0,1,0,0.864,0.693,0.907,57.6,0,0.0,9,2,0.563,0,normal_daytime
60,5,1,1,1,6.8,0,0.0,1,0,0.87,0.71,0.91,64.6,0,0.0,13,5,0.744,0,normal_daytime
90,5,2,0,0,0.0,0,0.0,1,0,0.929,0.829,0.969,65.3,0,0.0,7,5,0.55,0,normal_lobby_transit
72,6,2,0,0,0.0,0,0.0,2,0,0.924,0.774,0.974,63.2,0,0.0,16,6,0.82,0,normal_daytime
40,5,0,1,1,3.4,0,0.0,1,1,0.844,0.737,0.891,63.4,1,1.0,10,0,0.74,0,normal_daytime
8,1,0,0,0,0.0,0,0.0,1,0,0.869,0.789,0.912,58.8,0,0.0,9,4,0.406,0,normal_daytime
224,14,11,5,1,60.7,3,1.0,11,4,0.828,0.628,0.888,25.2,4,8.0,22,6,1.0,1,crowd_surge
100,5,2,0,0,0.0,0,0.0,1,0,0.942,0.842,0.982,38.0,0,0.0,14,5,0.55,0,normal_lobby_transit
34,2,2,0,0,0.0,0,0.0,1,0,0.934,0.834,0.974,37.6,0,0.0,20,6,0.34,0,normal_lobby_transit
60,5,3,0,0,0.0,0,0.0,3,1,0.841,0.705,0.88,64.5,0,0.0,17,2,0.744,0,normal_daytime
11,1,1,0,0,0.0,0,0.0,1,0,0.858,0.712,0.9,37.9,0,0.0,14,0,0.344,0,normal_daytime
8,1,1,1,1,2.4,0,1.0,1,0,0.919,0.799,0.969,36.1,0,0.0,1,4,0.14,0,normal_night_staff
24,2,2,1,1,11.9,0,0.0,2,0,0.917,0.775,0.945,24.9,1,1.0,18,5,0.385,0,normal_daytime
43,1,1,1,0,70.2,1,1.0,1,1,0.907,0.827,0.957,2.9,3,3.0,20,2,0.69,1,pharmacy_loitering
10,1,0,1,1,2.7,0,1.0,0,0,0.916,0.796,0.966,38.5,0,0.0,5,1,0.14,0,normal_night_staff
30,2,1,6,5,22.4,1,0.0,1,5,0.864,0.764,0.914,34.2,3,4.5,14,6,0.94,1,repeated_reconnaissance
36,4,0,2,0,7.3,0,0.0,1,1,0.92,0.832,0.978,36.5,2,2.0,16,2,0.58,0,normal_daytime
57,3,1,0,0,0.0,0,0.0,3,0,0.889,0.789,0.929,41.0,0,0.0,8,1,0.41,0,normal_lobby_transit
80,5,0,0,0,0.0,0,0.0,1,0,0.907,0.807,0.947,72.3,0,0.0,18,5,0.55,0,normal_lobby_transit
105,7,1,0,0,0.0,0,0.0,2,0,0.897,0.797,0.937,69.8,0,0.0,7,0,0.69,0,normal_lobby_transit
60,5,3,0,0,0.0,0,0.0,3,0,0.871,0.73,0.907,61.0,0,0.0,9,3,0.733,0,normal_daytime
5,1,0,1,1,1.7,0,1.0,0,0,0.912,0.792,0.962,32.7,0,0.0,3,1,0.14,0,normal_night_staff
70,5,0,0,0,0.0,0,0.0,1,0,0.832,0.679,0.887,38.6,0,0.0,17,5,0.666,0,normal_daytime
60,6,3,2,2,0.7,0,0.0,3,0,0.825,0.676,0.847,58.7,2,2.0,12,2,0.806,0,normal_daytime
24,2,2,0,0,0.0,0,0.0,2,0,0.901,0.801,0.941,49.1,0,0.0,18,3,0.34,0,normal_lobby_transit
24,3,0,1,1,10.9,0,0.0,1,0,0.925,0.788,0.957,52.6,0,0.0,14,4,0.548,0,normal_daytime
33,3,0,0,0,0.0,0,0.0,1,0,0.867,0.695,0.922,23.7,0,0.0,9,2,0.461,0,normal_daytime
9,1,0,1,1,2.5,0,0.0,1,0,0.869,0.778,0.906,47.2,0,0.0,19,6,0.372,0,normal_daytime
27,3,0,1,1,5.2,0,0.0,1,0,0.866,0.716,0.906,57.8,0,0.0,12,2,0.563,0,normal_daytime
30,2,1,0,0,0.0,0,0.0,3,0,0.903,0.803,0.943,41.6,0,0.0,11,6,0.34,0,normal_lobby_transit
48,4,3,0,0,0.0,0,0.0,3,0,0.894,0.771,0.931,23.7,0,0.0,15,3,0.541,0,normal_daytime
6,1,1,1,1,4.1,0,1.0,1,0,0.818,0.698,0.868,33.8,0,0.0,23,6,0.14,0,normal_night_staff
7,1,0,0,0,0.0,0,1.0,0,0,0.83,0.71,0.88,46.0,0,0.0,2,2,0.14,0,normal_night_staff
48,4,1,0,0,0.0,0,0.0,1,0,0.929,0.791,0.989,25.6,0,0.0,12,1,0.547,0,normal_daytime
66,6,0,0,0,0.0,0,0.0,1,0,0.88,0.721,0.902,34.2,0,0.0,11,4,0.733,0,normal_daytime
6,1,0,0,0,0.0,0,1.0,0,0,0.908,0.788,0.958,42.1,0,0.0,23,5,0.14,0,normal_night_staff
120,6,1,0,0,0.0,0,0.0,3,0,0.937,0.837,0.977,66.4,0,0.0,8,1,0.62,0,normal_lobby_transit
4,1,0,1,1,4.7,0,1.0,0,0,0.873,0.753,0.923,32.0,0,0.0,6,2,0.14,0,normal_night_staff
40,4,1,0,0,0.0,0,0.0,1,0,0.939,0.789,0.967,38.0,0,0.0,12,5,0.584,0,normal_daytime
60,4,2,0,0,0.0,0,0.0,2,0,0.94,0.81,0.988,27.4,0,0.0,14,5,0.552,0,normal_daytime
10,1,0,0,0,0.0,0,1.0,0,0,0.89,0.77,0.94,27.9,0,0.0,3,1,0.14,0,normal_night_staff
34,2,2,3,1,60.8,1,1.0,2,3,0.752,0.572,0.812,10.9,4,6.0,4,2,0.772,1,after_hours_breach
24,2,2,0,0,0.0,0,0.0,1,0,0.894,0.794,0.934,41.5,0,0.0,16,3,0.34,0,normal_lobby_transit
18,2,2,0,0,0.0,0,0.0,2,0,0.863,0.704,0.907,22.7,0,0.0,12,6,0.378,0,normal_daytime
48,4,2,0,0,0.0,0,0.0,2,0,0.903,0.763,0.958,33.5,0,0.0,15,2,0.571,0,normal_daytime
56,4,0,0,0,0.0,0,0.0,2,0,0.855,0.755,0.895,64.0,0,0.0,9,1,0.48,0,normal_lobby_transit
44,4,0,1,1,3.3,0,0.0,1,0,0.879,0.757,0.901,22.6,1,1.0,19,6,0.538,0,normal_daytime
16,2,1,0,0,0.0,0,1.0,1,0,0.875,0.755,0.925,39.5,0,0.0,22,6,0.2,0,normal_night_staff
46,2,2,2,0,156.6,1,1.0,2,3,0.838,0.658,0.898,14.8,4,6.0,4,1,0.963,1,after_hours_breach
30,3,0,1,1,4.4,0,0.0,1,0,0.829,0.678,0.867,64.4,0,0.0,13,1,0.583,0,normal_daytime
10,2,1,1,1,2.0,0,1.0,1,0,0.859,0.739,0.909,36.3,0,0.0,2,0,0.2,0,normal_night_staff
13,1,0,1,1,5.4,0,0.0,1,1,0.88,0.712,0.92,36.6,0,0.0,12,6,0.34,0,normal_daytime
112,7,0,0,0,0.0,0,0.0,2,0,0.911,0.811,0.951,41.7,0,0.0,16,4,0.69,0,normal_lobby_transit
24,3,2,2,2,5.3,0,0.0,2,0,0.856,0.711,0.889,25.5,2,2.0,16,5,0.467,0,normal_daytime
56,4,2,0,0,0.0,0,0.0,2,0,0.842,0.741,0.894,36.6,0,0.0,15,1,0.58,0,normal_daytime
20,2,1,0,0,0.0,0,0.0,3,0,0.879,0.779,0.919,73.9,0,0.0,15,3,0.34,0,normal_lobby_transit
42,3,2,0,0,0.0,0,0.0,2,0,0.851,0.764,0.901,28.7,0,0.0,13,4,0.476,0,normal_daytime
5,1,0,1,1,1.5,0,1.0,0,0,0.824,0.704,0.874,30.2,0,0.0,0,0,0.14,0,normal_night_staff
196,14,10,5,3,36.7,4,0.0,10,1,0.807,0.607,0.867,12.5,4,8.0,12,3,1.0,1,crowd_surge
114,6,2,0,0,0.0,0,0.0,3,0,0.918,0.818,0.958,59.8,0,0.0,18,0,0.62,0,normal_lobby_transit
8,1,0,0,0,0.0,0,0.0,1,0,0.879,0.724,0.914,26.9,0,0.0,14,6,0.311,0,normal_daytime
16,2,2,1,1,10.8,0,0.0,2,0,0.861,0.702,0.893,58.2,0,0.0,13,5,0.485,0,normal_daytime
42,3,3,2,2,4.3,0,0.0,3,0,0.863,0.695,0.902,56.5,0,0.0,13,6,0.559,0,normal_daytime
18,2,0,1,1,7.5,0,1.0,0,0,0.89,0.77,0.94,35.6,0,0.0,22,3,0.2,0,normal_night_staff
23,1,1,7,6,27.9,0,0.0,1,6,0.821,0.721,0.871,43.5,5,7.5,17,0,0.98,1,repeated_reconnaissance
36,3,3,0,0,0.0,0,0.0,3,0,0.922,0.782,0.943,31.9,0,0.0,15,0,0.486,0,normal_daytime
4,1,0,1,1,7.2,0,1.0,0,0,0.892,0.772,0.942,34.0,0,0.0,0,1,0.14,0,normal_night_staff
6,1,1,0,0,0.0,0,1.0,1,0,0.915,0.795,0.965,25.6,0,0.0,5,2,0.14,0,normal_night_staff
55,5,3,1,1,0.1,0,0.0,3,1,0.923,0.832,0.978,55.4,1,1.0,11,0,0.716,0,normal_daytime
30,1,1,1,0,135.0,1,1.0,1,1,0.859,0.779,0.909,6.6,2,2.0,20,0,0.82,1,pharmacy_loitering
23,1,1,4,1,79.8,2,1.0,1,1,0.86,0.68,0.92,8.9,3,4.5,1,0,0.81,1,after_hours_breach
20,1,1,1,0,215.4,1,0.0,1,0,0.897,0.817,0.947,8.9,1,1.0,19,0,0.981,1,pharmacy_loitering
70,5,2,0,0,0.0,0,0.0,2,0,0.842,0.689,0.891,40.3,0,0.0,19,6,0.671,0,normal_daytime
78,6,3,0,0,0.0,0,0.0,3,0,0.838,0.717,0.867,64.7,0,0.0,13,2,0.824,0,normal_daytime
126,7,0,0,0,0.0,0,0.0,2,0,0.87,0.77,0.91,47.4,0,0.0,8,4,0.69,0,normal_lobby_transit
44,4,0,0,0,0.0,0,0.0,1,1,0.831,0.713,0.858,28.5,0,0.0,11,1,0.555,0,normal_daytime
15,1,1,0,0,0.0,0,0.0,1,0,0.926,0.832,0.957,40.3,0,0.0,10,0,0.351,0,normal_daytime
38,1,1,1,0,121.3,1,0.0,1,0,0.896,0.816,0.946,6.6,2,2.0,18,0,0.793,1,pharmacy_loitering
20,2,0,2,1,10.2,0,0.0,1,0,0.83,0.738,0.862,63.5,2,2.0,10,4,0.5,0,normal_daytime
45,3,1,0,0,0.0,0,0.0,1,0,0.866,0.766,0.906,59.0,0,0.0,9,3,0.41,0,normal_lobby_transit
16,2,1,1,1,10.4,0,0.0,1,1,0.911,0.797,0.967,46.6,0,0.0,14,2,0.45,0,normal_daytime
52,4,2,1,1,10.4,0,0.0,2,1,0.842,0.686,0.882,39.1,0,0.0,16,0,0.587,0,normal_daytime
52,4,0,0,0,0.0,0,0.0,1,0,0.904,0.772,0.946,63.6,0,0.0,12,4,0.661,0,normal_daytime
12,2,1,1,1,1.1,0,1.0,1,0,0.813,0.693,0.863,29.4,0,0.0,1,1,0.2,0,normal_night_staff
28,2,0,0,0,0.0,0,0.0,1,1,0.93,0.76,0.988,44.2,0,0.0,18,1,0.443,0,normal_daytime
60,5,3,1,1,2.2,0,0.0,3,0,0.908,0.753,0.958,30.6,1,1.0,10,6,0.642,0,normal_daytime
5,1,0,0,0,0.0,0,1.0,0,0,0.851,0.731,0.901,49.7,0,0.0,0,2,0.14,0,normal_night_staff
52,4,0,0,0,0.0,0,0.0,1,1,0.827,0.686,0.864,26.4,0,0.0,8,0,0.549,0,normal_daytime
18,2,1,0,0,0.0,0,1.0,1,0,0.906,0.786,0.956,45.4,0,0.0,0,1,0.2,0,normal_night_staff
25,1,1,1,0,233.2,1,0.0,1,0,0.851,0.771,0.901,4.6,1,1.0,16,1,1.0,1,pharmacy_loitering
8,2,0,1,1,7.6,0,1.0,0,0,0.845,0.725,0.895,44.1,0,0.0,2,3,0.2,0,normal_night_staff
46,2,2,2,1,50.9,2,1.0,2,1,0.805,0.625,0.865,12.3,4,6.0,3,4,0.752,1,after_hours_breach
56,4,3,2,0,0.4,0,0.0,3,0,0.905,0.735,0.948,34.1,0,0.0,11,5,0.572,0,normal_daytime
7,1,0,0,0,0.0,0,1.0,0,0,0.821,0.701,0.871,44.1,0,0.0,5,3,0.14,0,normal_night_staff
40,5,0,1,1,5.8,0,0.0,1,0,0.839,0.685,0.896,30.3,1,1.0,10,5,0.641,0,normal_daytime
44,4,1,0,0,0.0,0,0.0,1,0,0.855,0.696,0.895,45.2,0,0.0,11,2,0.606,0,normal_daytime
7,1,0,1,1,7.9,0,1.0,0,0,0.81,0.69,0.86,41.2,0,0.0,5,1,0.14,0,normal_night_staff
60,6,0,1,0,4.5,0,0.0,1,0,0.828,0.745,0.857,42.9,0,0.0,17,0,0.759,0,normal_daytime
32,4,3,2,2,10.7,0,0.0,3,0,0.862,0.765,0.904,30.4,0,0.0,17,1,0.561,0,normal_daytime
48,4,3,2,2,5.8,0,0.0,3,0,0.836,0.709,0.862,30.2,2,2.0,15,2,0.561,0,normal_daytime
84,6,0,0,0,0.0,0,0.0,1,0,0.924,0.796,0.972,56.3,0,0.0,19,2,0.799,0,normal_daytime
7,1,1,0,0,0.0,0,1.0,1,0,0.905,0.785,0.955,31.1,0,0.0,21,4,0.14,0,normal_night_staff
98,7,0,0,0,0.0,0,0.0,1,0,0.862,0.762,0.902,53.6,0,0.0,16,1,0.69,0,normal_lobby_transit
8,2,1,1,1,6.3,0,1.0,1,0,0.877,0.757,0.927,32.1,0,0.0,6,0,0.2,0,normal_night_staff
31,1,1,4,0,97.2,2,1.0,1,1,0.803,0.623,0.863,14.4,5,7.5,4,5,0.844,1,after_hours_breach
18,2,1,0,0,0.0,0,0.0,1,0,0.906,0.815,0.943,61.8,0,0.0,17,1,0.495,0,normal_daytime
40,4,0,1,1,11.5,0,0.0,1,0,0.87,0.733,0.907,35.4,0,0.0,10,2,0.576,0,normal_daytime
27,3,0,1,1,0.1,0,0.0,1,0,0.899,0.819,0.929,37.1,0,0.0,8,1,0.501,0,normal_daytime
20,2,2,2,2,5.7,0,0.0,2,1,0.917,0.818,0.941,40.5,0,0.0,18,3,0.431,0,normal_daytime
45,5,0,0,0,0.0,0,0.0,1,0,0.922,0.744,0.954,49.8,0,0.0,11,6,0.699,0,normal_daytime
8,1,0,0,0,0.0,0,1.0,0,0,0.853,0.733,0.903,47.4,0,0.0,3,5,0.14,0,normal_night_staff
40,1,1,1,0,67.2,1,0.0,1,0,0.913,0.833,0.963,3.3,2,2.0,14,1,0.684,1,pharmacy_loitering
72,6,1,0,0,0.0,0,0.0,1,0,0.894,0.747,0.928,50.2,0,0.0,11,6,0.781,0,normal_daytime
48,4,1,0,0,0.0,0,0.0,1,0,0.872,0.739,0.924,25.7,0,0.0,12,3,0.547,0,normal_daytime
10,1,0,2,0,9.9,0,0.0,1,0,0.928,0.761,0.952,55.5,2,2.0,12,3,0.396,0,normal_daytime
31,1,1,1,0,92.9,1,0.0,1,1,0.912,0.832,0.962,8.6,2,2.0,19,5,0.736,1,pharmacy_loitering
153,9,11,9,3,62.8,2,0.0,11,4,0.825,0.625,0.885,21.3,4,8.0,14,1,0.935,1,crowd_surge
45,3,1,1,1,2.0,0,0.0,1,0,0.868,0.729,0.923,31.6,0,0.0,16,6,0.485,0,normal_daytime
264,11,8,4,2,28.8,3,0.0,8,4,0.823,0.623,0.883,16.8,7,14.0,13,2,0.965,1,crowd_surge
242,11,7,5,2,30.2,4,0.0,7,3,0.857,0.657,0.917,18.0,6,12.0,17,5,0.965,1,crowd_surge
28,2,2,0,0,0.0,0,0.0,3,0,0.913,0.813,0.953,54.8,0,0.0,11,4,0.34,0,normal_lobby_transit
6,1,1,0,0,0.0,0,1.0,1,0,0.857,0.737,0.907,25.5,0,0.0,5,1,0.14,0,normal_night_staff
10,1,0,1,0,1.8,0,0.0,1,0,0.854,0.741,0.887,32.3,0,0.0,8,4,0.327,0,normal_daytime
33,3,1,0,0,0.0,0,0.0,1,1,0.884,0.794,0.937,31.8,0,0.0,19,1,0.485,0,normal_daytime
39,1,1,1,0,170.6,1,0.0,1,0,0.891,0.811,0.941,6.8,2,2.0,18,3,0.891,1,pharmacy_loitering
10,1,1,0,0,0.0,0,1.0,1,0,0.815,0.695,0.865,30.9,0,0.0,23,0,0.14,0,normal_night_staff
60,5,1,0,0,0.0,0,0.0,1,0,0.827,0.738,0.858,64.5,0,0.0,16,1,0.744,0,normal_daytime
119,7,1,0,0,0.0,0,0.0,3,0,0.92,0.82,0.96,47.2,0,0.0,13,1,0.69,0,normal_lobby_transit
16,2,0,0,0,0.0,0,0.0,1,1,0.85,0.741,0.899,39.3,0,0.0,11,6,0.428,0,normal_daytime
66,6,0,0,0,0.0,0,0.0,1,0,0.923,0.823,0.963,60.5,0,0.0,15,3,0.62,0,normal_lobby_transit
9,1,0,0,0,0.0,0,1.0,0,0,0.893,0.773,0.943,29.4,0,0.0,2,1,0.14,0,normal_night_staff
36,3,3,2,1,5.3,0,0.0,3,0,0.919,0.75,0.952,52.5,0,0.0,12,3,0.547,0,normal_daytime
8,1,0,0,0,0.0,0,1.0,0,0,0.838,0.718,0.888,36.3,0,0.0,0,0,0.14,0,normal_night_staff
60,4,1,0,0,0.0,0,0.0,1,0,0.919,0.771,0.973,48.5,0,0.0,9,2,0.615,0,normal_daytime
4,1,0,0,0,0.0,0,1.0,0,0,0.887,0.767,0.937,28.3,0,0.0,23,6,0.14,0,normal_night_staff
40,5,1,2,1,11.5,0,0.0,1,0,0.924,0.751,0.97,30.7,2,2.0,9,0,0.642,0,normal_daytime
10,1,1,0,0,0.0,0,0.0,1,0,0.904,0.807,0.953,52.7,0,0.0,10,1,0.388,0,normal_daytime
45,5,3,1,1,11.4,0,0.0,3,1,0.891,0.795,0.918,34.9,0,0.0,8,1,0.655,0,normal_daytime
44,4,1,1,1,2.8,0,0.0,1,0,0.896,0.726,0.935,34.1,0,0.0,15,2,0.572,0,normal_daytime
55,5,2,0,0,0.0,0,0.0,1,0,0.863,0.763,0.903,54.0,0,0.0,8,5,0.55,0,normal_lobby_transit
18,2,1,1,1,4.4,0,1.0,1,0,0.827,0.707,0.877,27.2,0,0.0,6,3,0.2,0,normal_night_staff
72,6,0,0,0,0.0,0,0.0,1,0,0.859,0.759,0.899,66.6,0,0.0,19,3,0.62,0,normal_lobby_transit
65,5,0,0,0,0.0,0,0.0,1,0,0.904,0.745,0.929,32.0,0,0.0,9,5,0.646,0,normal_daytime
30,3,1,0,0,0.0,0,0.0,1,0,0.919,0.819,0.959,74.6,0,0.0,18,0,0.41,0,normal_lobby_transit
8,2,0,1,1,1.9,0,1.0,0,0,0.826,0.706,0.876,49.0,0,0.0,0,1,0.2,0,normal_night_staff
30,2,1,2,2,11.4,0,0.0,1,0,0.83,0.709,0.868,59.7,0,0.0,17,5,0.489,0,normal_daytime
18,1,1,3,0,152.7,1,1.0,1,2,0.816,0.636,0.876,6.6,2,3.0,1,3,0.955,1,after_hours_breach
8,1,0,1,0,3.6,0,0.0,1,1,0.907,0.731,0.931,37.8,0,0.0,9,0,0.343,0,normal_daytime
39,3,2,2,1,2.1,0,0.0,2,0,0.84,0.676,0.866,58.9,2,2.0,11,4,0.567,0,normal_daytime
84,6,0,1,0,1.4,0,0.0,1,0,0.84,0.746,0.878,39.1,0,0.0,17,1,0.747,0,normal_daytime
56,4,2,2,2,10.6,0,0.0,2,0,0.877,0.754,0.932,64.2,0,0.0,9,1,0.663,0,normal_daytime
39,3,1,1,1,0.4,0,0.0,1,0,0.866,0.686,0.889,25.3,0,0.0,17,1,0.466,0,normal_daytime
102,6,0,0,0,0.0,0,0.0,1,0,0.907,0.807,0.947,53.9,0,0.0,18,5,0.62,0,normal_lobby_transit
16,2,0,1,1,7.8,0,1.0,0,0,0.8,0.68,0.85,49.0,0,0.0,5,6,0.2,0,normal_night_staff
4,1,1,0,0,0.0,0,1.0,1,0,0.917,0.797,0.967,35.2,0,0.0,3,1,0.14,0,normal_night_staff
65,5,1,1,0,1.8,0,0.0,1,0,0.93,0.776,0.961,45.9,0,0.0,19,0,0.688,0,normal_daytime
16,2,0,1,1,5.4,0,1.0,0,0,0.828,0.708,0.878,46.2,0,0.0,0,2,0.2,0,normal_night_staff
34,2,2,3,1,78.6,1,1.0,2,1,0.783,0.603,0.843,7.6,5,7.5,2,2,0.807,1,after_hours_breach
48,4,3,0,0,0.0,0,0.0,3,0,0.921,0.825,0.943,35.7,0,0.0,15,4,0.577,0,normal_daytime
24,3,1,1,1,1.4,0,0.0,1,1,0.873,0.787,0.919,22.5,0,0.0,14,6,0.458,0,normal_daytime
24,2,1,0,0,0.0,0,0.0,1,1,0.868,0.782,0.918,42.8,0,0.0,8,6,0.438,0,normal_daytime
60,6,3,0,0,0.0,0,0.0,3,1,0.921,0.805,0.958,34.4,0,0.0,16,1,0.733,0,normal_daytime
7,1,0,0,0,0.0,0,1.0,0,0,0.918,0.798,0.968,37.9,0,0.0,5,3,0.14,0,normal_night_staff
14,2,0,1,1,1.3,0,1.0,0,0,0.83,0.71,0.88,42.7,0,0.0,3,2,0.2,0,normal_night_staff
70,7,0,0,0,0.0,0,0.0,1,0,0.892,0.792,0.932,57.5,0,0.0,14,0,0.69,0,normal_lobby_transit
18,2,2,1,0,1.5,0,0.0,2,0,0.876,0.785,0.905,57.8,1,1.0,9,3,0.483,0,normal_daytime
36,2,2,3,0,157.8,1,1.0,2,1,0.797,0.617,0.857,17.6,2,3.0,1,1,0.966,1,after_hours_breach
22,2,1,0,0,0.0,0,0.0,1,0,0.859,0.757,0.908,62.4,0,0.0,16,6,0.497,0,normal_daytime
44,4,0,2,0,1.6,0,0.0,1,1,0.901,0.818,0.959,51.9,0,0.0,14,3,0.626,0,normal_daytime
10,1,0,2,1,5.7,0,0.0,1,0,0.855,0.76,0.894,60.1,2,2.0,19,4,0.41,0,normal_daytime
24,2,1,1,1,8.7,0,0.0,1,1,0.842,0.748,0.864,27.5,0,0.0,11,4,0.393,0,normal_daytime
8,2,1,0,0,0.0,0,1.0,1,0,0.875,0.755,0.925,27.0,0,0.0,21,2,0.2,0,normal_night_staff
36,3,2,1,1,9.9,0,0.0,2,0,0.877,0.746,0.927,28.4,0,0.0,12,0,0.475,0,normal_daytime
36,4,0,1,1,2.6,0,0.0,1,0,0.85,0.767,0.895,24.4,0,0.0,9,0,0.543,0,normal_daytime
52,4,0,0,0,0.0,0,0.0,1,0,0.917,0.755,0.956,47.8,0,0.0,11,4,0.613,0,normal_daytime
48,6,1,1,1,5.5,0,0.0,1,0,0.851,0.711,0.909,58.2,1,1.0,13,5,0.805,0,normal_daytime
60,2,2,3,0,126.1,2,1.0,2,3,0.764,0.584,0.824,12.8,5,7.5,2,6,0.902,1,after_hours_breach
26,2,1,1,1,6.3,0,0.0,1,0,0.927,0.828,0.968,34.9,1,1.0,10,4,0.415,0,normal_daytime
48,4,2,0,0,0.0,0,0.0,2,0,0.847,0.749,0.868,45.0,0,0.0,11,5,0.605,0,normal_daytime
9,1,0,1,1,2.7,0,0.0,1,0,0.905,0.823,0.962,46.0,0,0.0,8,5,0.368,0,normal_daytime
66,6,2,0,0,0.0,0,0.0,2,0,0.928,0.783,0.96,41.0,0,0.0,13,1,0.753,0,normal_daytime
40,4,3,2,0,7.9,0,0.0,3,0,0.885,0.77,0.906,48.2,0,0.0,11,1,0.615,0,normal_daytime
40,5,3,1,0,7.6,0,0.0,3,0,0.85,0.768,0.902,36.8,0,0.0,16,4,0.66,0,normal_daytime
38,2,1,0,0,0.0,0,0.0,1,0,0.886,0.786,0.926,72.0,0,0.0,11,2,0.34,0,normal_lobby_transit
48,4,3,0,0,0.0,0,0.0,3,0,0.834,0.697,0.875,35.7,0,0.0,12,4,0.577,0,normal_daytime
13,1,0,2,2,7.8,0,0.0,1,0,0.938,0.83,0.971,43.9,0,0.0,8,3,0.362,0,normal_daytime
90,6,1,0,0,0.0,0,0.0,1,0,0.933,0.833,0.973,58.8,0,0.0,15,4,0.62,0,normal_lobby_transit
153,9,10,5,1,47.1,4,0.0,10,1,0.811,0.611,0.871,20.1,3,6.0,17,3,0.935,1,crowd_surge
26,2,1,1,1,9.8,0,0.0,1,0,0.843,0.703,0.869,58.8,0,0.0,11,2,0.486,0,normal_daytime
14,1,0,1,1,0.9,0,0.0,1,1,0.865,0.754,0.921,56.8,1,1.0,9,3,0.4,0,normal_daytime
76,4,1,0,0,0.0,0,0.0,2,0,0.897,0.797,0.937,38.2,0,0.0,14,4,0.48,0,normal_lobby_transit
26,2,2,0,0,0.0,0,0.0,2,1,0.829,0.654,0.885,52.2,0,0.0,8,1,0.467,0,normal_daytime
10,1,1,1,0,7.9,0,0.0,1,0,0.83,0.677,0.86,23.3,0,0.0,8,1,0.3,0,normal_daytime
27,3,3,1,0,9.5,0,0.0,3,0,0.905,0.789,0.956,42.4,1,1.0,17,5,0.517,0,normal_daytime
18,2,0,0,0,0.0,0,1.0,0,0,0.919,0.799,0.969,37.5,0,0.0,0,6,0.2,0,normal_night_staff
14,1,0,1,0,4.8,0,0.0,1,0,0.928,0.766,0.977,40.3,0,0.0,11,6,0.351,0,normal_daytime
90,6,0,0,0,0.0,0,0.0,1,0,0.886,0.709,0.937,25.7,0,0.0,10,4,0.707,0,normal_daytime
5,1,0,0,0,0.0,0,1.0,0,0,0.867,0.747,0.917,45.0,0,0.0,0,5,0.14,0,normal_night_staff
20,2,0,0,0,0.0,0,1.0,0,0,0.88,0.76,0.93,44.7,0,0.0,5,1,0.2,0,normal_night_staff
48,6,1,1,1,0.6,0,0.0,1,0,0.867,0.756,0.889,22.2,0,0.0,10,1,0.697,0,normal_daytime
52,4,3,1,1,4.0,0,0.0,3,0,0.856,0.716,0.904,42.6,1,1.0,12,0,0.598,0,normal_daytime
8,1,0,0,0,0.0,0,0.0,1,1,0.846,0.696,0.88,33.8,0,0.0,13,3,0.331,0,normal_daytime
273,13,5,4,2,32.0,2,0.0,5,3,0.828,0.628,0.888,27.2,7,14.0,17,5,0.995,1,crowd_surge
45,5,1,0,0,0.0,0,0.0,1,1,0.909,0.793,0.969,39.9,0,0.0,10,4,0.67,0,normal_daytime
45,5,2,1,1,2.8,0,0.0,2,1,0.848,0.685,0.907,61.8,1,1.0,9,2,0.735,0,normal_daytime
36,3,0,0,0,0.0,0,0.0,1,0,0.902,0.739,0.938,45.0,0,0.0,9,3,0.525,0,normal_daytime
26,2,2,1,1,11.9,0,0.0,2,0,0.91,0.802,0.96,64.6,0,0.0,17,4,0.504,0,normal_daytime
13,1,1,1,0,6.4,0,0.0,1,0,0.825,0.726,0.867,32.9,0,0.0,15,0,0.329,0,normal_daytime
224,16,5,8,3,44.1,4,1.0,5,4,0.834,0.634,0.894,29.5,4,8.0,23,4,1.0,1,crowd_surge
20,2,2,0,0,0.0,0,0.0,2,0,0.877,0.768,0.924,63.2,0,0.0,18,0,0.5,0,normal_daytime
36,3,3,0,0,0.0,0,0.0,3,0,0.924,0.786,0.982,25.1,0,0.0,13,2,0.465,0,normal_daytime
54,3,2,0,0,0.0,0,0.0,2,0,0.937,0.837,0.977,70.0,0,0.0,14,0,0.41,0,normal_lobby_transit
32,4,2,1,0,9.2,0,0.0,2,1,0.865,0.696,0.903,61.4,0,0.0,8,0,0.654,0,normal_daytime
30,2,0,1,0,10.9,0,0.0,1,1,0.845,0.689,0.871,40.9,1,1.0,10,2,0.433,0,normal_daytime
136,8,5,6,3,46.6,1,0.0,5,4,0.829,0.629,0.889,19.6,7,14.0,19,6,0.92,1,crowd_surge
42,1,1,1,0,135.8,1,1.0,1,0,0.884,0.804,0.934,4.4,1,1.0,21,2,0.822,1,pharmacy_loitering
66,6,0,0,0,0.0,0,0.0,1,0,0.927,0.789,0.957,44.9,0,0.0,18,0,0.765,0,normal_daytime
36,1,1,1,0,211.9,1,1.0,1,0,0.904,0.824,0.954,5.7,3,3.0,22,6,0.974,1,pharmacy_loitering
16,2,1,0,0,0.0,0,1.0,1,0,0.896,0.776,0.946,39.5,0,0.0,2,5,0.2,0,normal_night_staff
60,6,1,0,0,0.0,0,0.0,3,0,0.92,0.82,0.96,74.6,0,0.0,13,4,0.62,0,normal_lobby_transit
55,5,3,1,1,10.0,0,0.0,3,1,0.894,0.764,0.931,63.0,1,1.0,19,5,0.739,0,normal_daytime
60,6,3,0,0,0.0,0,0.0,3,0,0.925,0.752,0.976,47.8,0,0.0,18,0,0.773,0,normal_daytime
32,4,0,1,1,3.6,0,0.0,1,1,0.911,0.786,0.963,36.7,0,0.0,10,6,0.58,0,normal_daytime
26,2,1,1,0,5.5,0,0.0,1,0,0.844,0.747,0.876,29.9,0,0.0,9,2,0.4,0,normal_daytime
32,4,2,0,0,0.0,0,0.0,2,0,0.854,0.739,0.891,35.8,0,0.0,8,4,0.577,0,normal_daytime
28,1,1,1,0,94.0,1,0.0,1,1,0.917,0.837,0.967,3.7,3,3.0,19,6,0.738,1,pharmacy_loitering
8,2,0,1,1,1.3,0,1.0,0,0,0.818,0.698,0.868,28.8,0,0.0,4,0,0.2,0,normal_night_staff
6,1,1,0,0,0.0,0,1.0,1,0,0.824,0.704,0.874,44.7,0,0.0,23,0,0.14,0,normal_night_staff
14,1,0,1,1,2.9,0,0.0,1,1,0.822,0.729,0.872,33.1,0,0.0,18,1,0.329,0,normal_daytime
10,1,0,2,0,5.5,0,0.0,1,0,0.831,0.663,0.887,30.6,0,0.0,8,0,0.322,0,normal_daytime
12,2,0,0,0,0.0,0,1.0,0,0,0.904,0.784,0.954,46.4,0,0.0,5,3,0.2,0,normal_night_staff
8,2,0,0,0,0.0,0,1.0,0,0,0.906,0.786,0.956,28.3,0,0.0,6,3,0.2,0,normal_night_staff
26,2,0,0,0,0.0,0,0.0,1,1,0.84,0.72,0.869,37.2,0,0.0,15,4,0.422,0,normal_daytime
78,6,1,0,0,0.0,0,0.0,1,0,0.87,0.77,0.902,34.8,0,0.0,17,3,0.734,0,normal_daytime
60,6,0,0,0,0.0,0,0.0,2,0,0.9,0.8,0.94,50.2,0,0.0,17,6,0.62,0,normal_lobby_transit
70,7,0,0,0,0.0,0,0.0,3,0,0.889,0.789,0.929,63.9,0,0.0,19,5,0.69,0,normal_lobby_transit
8,1,1,0,0,0.0,0,1.0,1,0,0.808,0.688,0.858,45.6,0,0.0,6,4,0.14,0,normal_night_staff
7,1,0,1,1,6.1,0,1.0,0,0,0.872,0.752,0.922,37.1,0,0.0,3,5,0.14,0,normal_night_staff
30,2,1,0,0,0.0,0,0.0,1,0,0.833,0.681,0.874,51.7,0,0.0,10,0,0.465,0,normal_daytime
54,3,0,0,0,0.0,0,0.0,1,0,0.874,0.774,0.914,37.0,0,0.0,7,4,0.41,0,normal_lobby_transit
6,1,1,0,0,0.0,0,1.0,1,0,0.91,0.79,0.96,47.6,0,0.0,4,3,0.14,0,normal_night_staff
75,5,2,0,0,0.0,0,0.0,2,0,0.891,0.791,0.931,43.0,0,0.0,8,2,0.55,0,normal_lobby_transit
48,6,3,1,0,9.7,0,0.0,3,0,0.862,0.754,0.913,52.7,0,0.0,12,4,0.788,0,normal_daytime
36,4,2,1,1,8.0,0,0.0,2,0,0.84,0.742,0.876,36.5,1,1.0,19,4,0.58,0,normal_daytime
72,4,2,0,0,0.0,0,0.0,1,0,0.882,0.782,0.922,53.7,0,0.0,9,6,0.48,0,normal_lobby_transit
90,6,1,0,0,0.0,0,0.0,1,0,0.85,0.768,0.883,59.2,0,0.0,18,3,0.808,0,normal_daytime
84,7,2,0,0,0.0,0,0.0,3,0,0.944,0.844,0.984,55.7,0,0.0,20,2,0.69,0,normal_lobby_transit
48,2,2,3,1,94.9,2,1.0,2,1,0.844,0.664,0.904,11.3,2,3.0,2,0,0.84,1,after_hours_breach
60,4,3,0,0,0.0,0,0.0,3,0,0.862,0.755,0.918,33.2,0,0.0,8,3,0.57,0,normal_daytime
36,3,1,0,0,0.0,0,0.0,1,0,0.892,0.783,0.951,44.3,0,0.0,18,6,0.523,0,normal_daytime
10,1,1,1,1,1.7,0,1.0,1,0,0.848,0.728,0.898,48.3,0,0.0,5,6,0.14,0,normal_night_staff
90,6,1,0,0,0.0,0,0.0,2,0,0.932,0.832,0.972,63.5,0,0.0,18,3,0.62,0,normal_lobby_transit
90,6,0,1,1,9.3,0,0.0,1,1,0.842,0.675,0.887,52.3,1,1.0,12,1,0.787,0,normal_daytime
6,1,1,0,0,0.0,0,1.0,1,0,0.808,0.688,0.858,33.9,0,0.0,5,5,0.14,0,normal_night_staff
7,1,1,0,0,0.0,0,1.0,1,0,0.809,0.689,0.859,44.2,0,0.0,22,2,0.14,0,normal_night_staff
54,6,3,0,0,0.0,0,0.0,3,0,0.835,0.717,0.869,52.5,0,0.0,14,4,0.787,0,normal_daytime
90,6,2,2,1,9.6,0,0.0,2,1,0.829,0.689,0.882,45.5,0,0.0,10,3,0.766,0,normal_daytime
8,1,1,0,0,0.0,0,1.0,1,0,0.838,0.718,0.888,25.3,0,0.0,6,6,0.14,0,normal_night_staff
11,1,0,1,1,10.7,0,0.0,1,1,0.932,0.809,0.99,23.0,1,1.0,17,3,0.299,0,normal_daytime
33,3,1,0,0,0.0,0,0.0,2,0,0.884,0.784,0.924,66.5,0,0.0,15,5,0.41,0,normal_lobby_transit
22,1,1,1,0,223.6,1,0.0,1,1,0.865,0.785,0.915,7.3,2,2.0,14,1,0.997,1,pharmacy_loitering
39,3,3,0,0,0.0,0,0.0,3,0,0.879,0.756,0.921,51.7,0,0.0,8,6,0.545,0,normal_daytime
10,1,0,1,1,1.3,0,1.0,0,0,0.897,0.777,0.947,34.5,0,0.0,4,1,0.14,0,normal_night_staff
9,1,1,0,0,0.0,0,0.0,1,1,0.916,0.807,0.973,32.1,0,0.0,14,0,0.326,0,normal_daytime
22,2,0,0,0,0.0,0,0.0,1,0,0.88,0.768,0.921,26.4,0,0.0,18,4,0.389,0,normal_daytime
62,2,2,4,1,52.4,1,1.0,2,1,0.765,0.585,0.825,13.4,5,7.5,3,5,0.755,1,after_hours_breach
208,13,11,6,1,59.0,3,0.0,11,1,0.781,0.581,0.841,18.5,6,12.0,11,3,0.995,1,crowd_surge
6,1,1,1,1,3.8,0,1.0,1,0,0.91,0.79,0.96,47.7,0,0.0,22,0,0.14,0,normal_night_staff
55,5,0,1,1,9.8,0,0.0,1,0,0.824,0.72,0.862,54.9,0,0.0,12,5,0.715,0,normal_daytime
4,1,1,1,1,3.6,0,1.0,1,0,0.845,0.725,0.895,32.9,0,0.0,2,6,0.14,0,normal_night_staff
55,5,2,1,0,8.7,0,0.0,2,1,0.829,0.724,0.864,60.9,0,0.0,10,4,0.733,0,normal_daytime
28,2,2,1,1,9.2,0,0.0,2,0,0.911,0.751,0.969,37.3,0,0.0,14,0,0.422,0,normal_daytime
72,6,3,0,0,0.0,0,0.0,3,1,0.857,0.687,0.889,34.4,0,0.0,11,1,0.733,0,normal_daytime
70,5,2,0,0,0.0,0,0.0,2,0,0.933,0.785,0.989,52.0,0,0.0,15,5,0.706,0,normal_daytime
56,4,1,1,1,1.5,0,0.0,1,1,0.907,0.743,0.951,39.5,0,0.0,16,3,0.589,0,normal_daytime
48,6,3,0,0,0.0,0,0.0,3,0,0.843,0.696,0.864,54.0,0,0.0,18,2,0.792,0,normal_daytime
22,2,0,0,0,0.0,0,0.0,1,0,0.893,0.793,0.933,64.8,0,0.0,17,3,0.34,0,normal_lobby_transit
28,2,1,1,1,8.5,0,0.0,1,0,0.904,0.759,0.961,53.6,1,1.0,17,1,0.471,0,normal_daytime
7,1,0,0,0,0.0,0,1.0,0,0,0.918,0.798,0.968,39.9,0,0.0,2,3,0.14,0,normal_night_staff
90,6,1,0,0,0.0,0,0.0,1,0,0.925,0.75,0.947,58.0,0,0.0,9,4,0.804,0,normal_daytime
42,3,0,2,1,10.6,0,0.0,1,0,0.931,0.786,0.969,45.2,0,0.0,16,3,0.526,0,normal_daytime
5,1,1,1,1,3.1,0,1.0,1,0,0.818,0.698,0.868,30.1,0,0.0,6,0,0.14,0,normal_night_staff
60,6,3,0,0,0.0,0,0.0,3,0,0.849,0.704,0.87,49.2,0,0.0,9,0,0.778,0,normal_daytime
60,6,1,0,0,0.0,0,0.0,1,1,0.844,0.718,0.897,50.9,0,0.0,17,6,0.783,0,normal_daytime
52,4,0,1,0,3.1,0,0.0,1,0,0.929,0.841,0.973,45.4,0,0.0,15,6,0.606,0,normal_daytime
70,5,3,0,0,0.0,0,0.0,3,0,0.887,0.758,0.913,35.5,0,0.0,17,1,0.657,0,normal_daytime
56,4,0,1,1,7.0,0,0.0,1,0,0.934,0.786,0.99,38.3,0,0.0,12,5,0.585,0,normal_daytime
31,1,1,4,0,91.5,1,1.0,1,3,0.84,0.66,0.9,10.0,2,3.0,1,1,0.833,1,after_hours_breach
119,7,2,0,0,0.0,0,0.0,2,0,0.93,0.83,0.97,46.5,0,0.0,8,1,0.69,0,normal_lobby_transit
280,14,6,6,3,70.3,4,1.0,6,1,0.839,0.639,0.899,24.4,5,10.0,20,5,1.0,1,crowd_surge
39,3,2,0,0,0.0,0,0.0,1,0,0.941,0.841,0.981,61.6,0,0.0,12,2,0.41,0,normal_lobby_transit
22,2,1,0,0,0.0,0,0.0,1,1,0.867,0.768,0.92,25.0,0,0.0,15,6,0.385,0,normal_daytime
28,2,2,0,0,0.0,0,0.0,2,0,0.895,0.81,0.923,39.6,0,0.0,12,6,0.429,0,normal_daytime
285,15,10,6,1,71.7,3,0.0,10,4,0.835,0.635,0.895,22.0,6,12.0,17,1,1.0,1,crowd_surge
78,6,2,0,0,0.0,0,0.0,2,1,0.849,0.672,0.877,49.7,0,0.0,16,6,0.779,0,normal_daytime
60,4,1,0,0,0.0,0,0.0,1,0,0.932,0.832,0.972,55.4,0,0.0,19,1,0.48,0,normal_lobby_transit
21,1,1,1,0,146.2,1,0.0,1,1,0.91,0.83,0.96,4.3,3,3.0,14,2,0.842,1,pharmacy_loitering
16,2,2,2,0,9.0,0,0.0,2,0,0.834,0.66,0.861,22.8,0,0.0,16,0,0.378,0,normal_daytime
27,1,1,1,0,182.9,1,0.0,1,0,0.858,0.778,0.908,8.2,3,3.0,15,6,0.916,1,pharmacy_loitering
84,6,2,1,1,9.6,0,0.0,2,0,0.923,0.83,0.953,23.8,0,0.0,12,5,0.701,0,normal_daytime
11,1,1,1,1,11.5,0,0.0,1,0,0.839,0.686,0.889,45.6,1,1.0,19,6,0.367,0,normal_daytime
43,1,1,1,0,80.5,1,0.0,1,1,0.87,0.79,0.92,1.5,3,3.0,17,6,0.711,1,pharmacy_loitering
16,2,1,1,1,5.8,0,1.0,1,0,0.883,0.763,0.933,43.1,0,0.0,4,4,0.2,0,normal_night_staff
68,4,2,0,0,0.0,0,0.0,3,0,0.862,0.762,0.902,52.4,0,0.0,15,2,0.48,0,normal_lobby_transit
33,1,1,1,0,213.1,1,0.0,1,0,0.864,0.784,0.914,5.6,3,3.0,15,6,0.976,1,pharmacy_loitering
13,1,1,1,1,6.3,0,0.0,1,0,0.825,0.729,0.851,52.8,0,0.0,18,1,0.388,0,normal_daytime
140,7,0,0,0,0.0,0,0.0,1,0,0.869,0.769,0.909,65.5,0,0.0,13,3,0.69,0,normal_lobby_transit
26,2,0,0,0,0.0,0,0.0,1,0,0.917,0.807,0.96,64.7,0,0.0,8,5,0.504,0,normal_daytime
9,1,1,0,0,0.0,0,0.0,1,0,0.928,0.771,0.957,33.1,0,0.0,18,5,0.329,0,normal_daytime
24,2,1,1,1,10.1,0,0.0,1,0,0.913,0.791,0.952,28.1,0,0.0,14,0,0.394,0,normal_daytime
16,2,1,0,0,0.0,0,0.0,1,0,0.839,0.705,0.891,37.8,0,0.0,15,2,0.423,0,normal_daytime
90,6,1,0,0,0.0,0,0.0,1,0,0.884,0.784,0.924,49.4,0,0.0,16,5,0.62,0,normal_lobby_transit
39,3,3,1,0,1.0,0,0.0,3,0,0.932,0.797,0.954,30.8,0,0.0,12,1,0.482,0,normal_daytime
5,1,0,0,0,0.0,0,1.0,0,0,0.822,0.702,0.872,27.6,0,0.0,0,2,0.14,0,normal_night_staff
33,3,3,1,0,6.5,0,0.0,3,0,0.934,0.835,0.955,34.7,1,1.0,9,5,0.494,0,normal_daytime
18,2,2,0,0,0.0,0,0.0,2,0,0.925,0.838,0.953,57.5,0,0.0,8,1,0.483,0,normal_daytime
10,1,0,1,1,9.2,0,0.0,1,0,0.899,0.746,0.926,46.8,0,0.0,8,2,0.37,0,normal_daytime
28,2,1,0,0,0.0,0,0.0,1,0,0.879,0.704,0.916,32.8,0,0.0,18,1,0.408,0,normal_daytime
18,2,0,0,0,0.0,0,1.0,0,0,0.851,0.731,0.901,48.8,0,0.0,23,5,0.2,0,normal_night_staff
6,1,0,0,0,0.0,0,1.0,0,0,0.883,0.763,0.933,26.5,0,0.0,2,2,0.14,0,normal_night_staff
10,1,0,0,0,0.0,0,0.0,1,0,0.852,0.762,0.904,47.3,0,0.0,18,1,0.372,0,normal_daytime
48,4,1,0,0,0.0,0,0.0,1,0,0.862,0.762,0.902,54.6,0,0.0,14,4,0.48,0,normal_lobby_transit
45,1,1,1,0,95.7,1,0.0,1,1,0.873,0.793,0.923,3.1,2,2.0,13,6,0.741,1,pharmacy_loitering
8,1,0,0,0,0.0,0,0.0,1,1,0.909,0.783,0.951,50.4,0,0.0,16,5,0.381,0,normal_daytime
60,4,3,0,0,0.0,0,0.0,3,0,0.847,0.698,0.879,47.0,0,0.0,11,5,0.611,0,normal_daytime
42,3,0,0,0,0.0,0,0.0,1,0,0.887,0.748,0.918,51.4,0,0.0,11,3,0.544,0,normal_daytime
18,2,1,1,1,2.6,0,1.0,1,0,0.822,0.702,0.872,48.0,0,0.0,0,1,0.2,0,normal_night_staff
50,2,2,4,1,149.6,1,1.0,2,3,0.779,0.599,0.839,17.6,3,4.5,1,4,0.949,1,after_hours_breach
45,3,1,1,1,7.1,0,0.0,1,0,0.858,0.754,0.883,38.1,1,1.0,9,2,0.504,0,normal_daytime
102,6,1,0,0,0.0,0,0.0,3,0,0.909,0.809,0.949,57.4,0,0.0,20,3,0.62,0,normal_lobby_transit
351,13,11,7,1,68.0,2,1.0,11,2,0.813,0.613,0.873,27.2,6,12.0,20,2,0.995,1,crowd_surge
68,4,1,0,0,0.0,0,0.0,3,0,0.904,0.804,0.944,67.7,0,0.0,17,0,0.48,0,normal_lobby_transit
10,1,1,2,1,10.4,0,0.0,1,0,0.838,0.724,0.895,47.4,2,2.0,16,2,0.372,0,normal_daytime
70,5,0,1,1,7.8,0,0.0,1,0,0.84,0.753,0.894,34.7,0,0.0,14,2,0.654,0,normal_daytime
18,2,0,0,0,0.0,0,1.0,0,0,0.809,0.689,0.859,44.4,0,0.0,0,4,0.2,0,normal_night_staff
80,5,0,0,0,0.0,0,0.0,2,0,0.874,0.774,0.914,67.2,0,0.0,16,1,0.55,0,normal_lobby_transit
40,4,1,2,2,2.7,0,0.0,1,0,0.906,0.746,0.948,58.8,2,2.0,14,2,0.646,0,normal_daytime
55,5,2,0,0,0.0,0,0.0,2,1,0.912,0.747,0.957,25.3,0,0.0,12,3,0.626,0,normal_daytime
78,6,1,1,1,5.9,0,0.0,1,0,0.831,0.709,0.862,22.2,0,0.0,17,1,0.697,0,normal_daytime
90,6,1,2,2,1.0,0,0.0,1,0,0.876,0.796,0.923,32.0,2,2.0,9,0,0.726,0,normal_daytime
52,4,0,0,0,0.0,0,0.0,1,0,0.934,0.758,0.99,27.1,0,0.0,10,3,0.551,0,normal_daytime
5,1,1,1,1,3.9,0,1.0,1,0,0.918,0.798,0.968,32.9,0,0.0,5,5,0.14,0,normal_night_staff
9,1,1,1,1,2.3,0,1.0,1,0,0.918,0.798,0.968,45.0,0,0.0,2,5,0.14,0,normal_night_staff
50,5,2,1,0,10.9,0,0.0,2,0,0.838,0.722,0.861,24.6,0,0.0,18,2,0.624,0,normal_daytime
28,2,1,2,0,6.6,0,0.0,1,0,0.882,0.751,0.919,42.0,0,0.0,12,6,0.436,0,normal_daytime
14,1,0,0,0,0.0,0,0.0,1,1,0.89,0.721,0.934,28.4,0,0.0,15,2,0.315,0,normal_daytime
90,6,2,0,0,0.0,0,0.0,2,0,0.831,0.713,0.867,23.8,0,0.0,14,2,0.701,0,normal_daytime
20,2,2,0,0,0.0,0,0.0,2,0,0.841,0.684,0.881,54.4,0,0.0,10,2,0.473,0,normal_daytime
18,2,0,1,0,11.1,0,0.0,1,0,0.896,0.77,0.922,55.2,0,0.0,10,5,0.476,0,normal_daytime
108,9,5,5,3,42.3,3,0.0,5,4,0.868,0.668,0.928,27.9,6,12.0,17,6,0.935,1,crowd_surge
66,6,2,1,1,6.2,0,0.0,2,0,0.904,0.798,0.935,39.2,0,0.0,11,5,0.748,0,normal_daytime
90,6,3,0,0,0.0,0,0.0,3,0,0.923,0.781,0.98,38.9,0,0.0,15,2,0.747,0,normal_daytime
20,2,0,1,1,2.9,0,1.0,0,0,0.857,0.737,0.907,44.1,0,0.0,1,1,0.2,0,normal_night_staff
117,9,7,5,1,69.7,3,0.0,7,2,0.842,0.642,0.902,17.6,7,14.0,12,4,0.935,1,crowd_surge
40,5,3,0,0,0.0,0,0.0,3,0,0.825,0.743,0.872,34.5,0,0.0,13,3,0.654,0,normal_daytime
10,1,1,0,0,0.0,0,1.0,1,0,0.899,0.779,0.949,35.2,0,0.0,0,5,0.14,0,normal_night_staff
5,1,0,1,1,3.1,0,1.0,0,0,0.807,0.687,0.857,48.7,0,0.0,2,1,0.14,0,normal_night_staff
60,4,0,0,0,0.0,0,0.0,1,1,0.836,0.736,0.891,44.6,0,0.0,12,3,0.604,0,normal_daytime
5,1,0,0,0,0.0,0,1.0,0,0,0.817,0.697,0.867,40.5,0,0.0,3,3,0.14,0,normal_night_staff
36,3,1,0,0,0.0,0,0.0,1,0,0.853,0.753,0.893,60.8,0,0.0,11,2,0.41,0,normal_lobby_transit
5,1,0,1,1,3.2,0,1.0,0,0,0.888,0.768,0.938,49.0,0,0.0,23,1,0.14,0,normal_night_staff
32,2,1,0,0,0.0,0,0.0,3,0,0.873,0.773,0.913,35.3,0,0.0,14,2,0.34,0,normal_lobby_transit
60,6,1,0,0,0.0,0,0.0,1,0,0.859,0.763,0.919,51.2,0,0.0,10,0,0.784,0,normal_daytime
4,1,0,1,1,5.1,0,1.0,0,0,0.825,0.705,0.875,33.0,0,0.0,2,3,0.14,0,normal_night_staff
38,1,1,1,0,156.9,1,0.0,1,0,0.914,0.834,0.964,5.1,2,2.0,11,4,0.864,1,pharmacy_loitering
26,2,1,2,1,4.8,0,0.0,1,1,0.842,0.677,0.872,41.5,0,0.0,14,4,0.434,0,normal_daytime
28,1,1,6,5,44.0,0,0.0,1,5,0.89,0.79,0.94,38.2,2,3.0,19,0,0.94,1,repeated_reconnaissance
22,2,2,2,2,4.2,0,0.0,2,1,0.84,0.746,0.868,30.9,2,2.0,9,6,0.403,0,normal_daytime
24,1,1,1,0,66.3,1,0.0,1,1,0.876,0.796,0.926,8.3,3,3.0,16,3,0.683,1,pharmacy_loitering
15,1,0,1,1,2.4,0,0.0,1,0,0.861,0.763,0.913,59.3,1,1.0,17,1,0.408,0,normal_daytime
6,1,0,1,1,7.2,0,1.0,0,0,0.855,0.735,0.905,25.2,0,0.0,6,3,0.14,0,normal_night_staff
100,5,0,0,0,0.0,0,0.0,1,0,0.907,0.807,0.947,36.0,0,0.0,17,5,0.55,0,normal_lobby_transit
10,1,1,1,1,1.1,0,1.0,1,0,0.83,0.71,0.88,30.8,0,0.0,0,3,0.14,0,normal_night_staff
11,1,1,0,0,0.0,0,0.0,1,0,0.84,0.729,0.885,26.2,0,0.0,17,6,0.309,0,normal_daytime
40,5,3,0,0,0.0,0,0.0,3,0,0.828,0.681,0.878,55.6,0,0.0,18,4,0.717,0,normal_daytime
16,2,2,1,1,0.2,0,0.0,2,0,0.925,0.762,0.957,24.5,0,0.0,13,6,0.384,0,normal_daytime
40,4,0,0,0,0.0,0,0.0,2,0,0.862,0.762,0.902,72.9,0,0.0,10,1,0.48,0,normal_lobby_transit
39,3,0,0,0,0.0,0,0.0,2,0,0.852,0.752,0.892,55.2,0,0.0,15,0,0.41,0,normal_lobby_transit
13,1,1,0,0,0.0,0,0.0,1,1,0.892,0.743,0.913,33.5,0,0.0,13,5,0.331,0,normal_daytime
10,1,0,1,1,6.7,0,1.0,0,0,0.836,0.716,0.886,32.9,0,0.0,6,1,0.14,0,normal_night_staff
8,1,1,0,0,0.0,0,0.0,1,0,0.899,0.726,0.949,62.1,0,0.0,10,0,0.416,0,normal_daytime
65,5,3,1,1,7.9,0,0.0,3,1,0.824,0.716,0.85,48.2,0,0.0,12,6,0.695,0,normal_daytime
26,2,1,0,0,0.0,0,0.0,2,0,0.863,0.763,0.903,35.7,0,0.0,16,4,0.34,0,normal_lobby_transit
48,2,1,7,6,33.7,0,0.0,1,6,0.904,0.804,0.954,62.5,3,4.5,17,6,0.98,1,repeated_reconnaissance
10,2,0,1,1,4.4,0,1.0,0,0,0.88,0.76,0.93,38.5,0,0.0,5,4,0.2,0,normal_night_staff
7,1,0,0,0,0.0,0,1.0,0,0,0.845,0.725,0.895,44.1,0,0.0,23,4,0.14,0,normal_night_staff
14,1,1,0,0,0.0,0,0.0,1,0,0.848,0.711,0.888,27.2,0,0.0,12,6,0.312,0,normal_daytime
55,5,3,1,1,5.6,0,0.0,3,0,0.861,0.779,0.885,39.9,0,0.0,16,4,0.67,0,normal_daytime
40,4,3,0,0,0.0,0,0.0,3,1,0.928,0.769,0.977,34.6,0,0.0,17,5,0.574,0,normal_daytime
8,2,1,0,0,0.0,0,1.0,1,0,0.877,0.757,0.927,43.1,0,0.0,6,5,0.2,0,normal_night_staff
33,3,1,0,0,0.0,0,0.0,1,0,0.906,0.806,0.946,55.0,0,0.0,7,6,0.41,0,normal_lobby_transit
84,6,0,0,0,0.0,0,0.0,1,0,0.931,0.754,0.96,46.3,0,0.0,19,0,0.769,0,normal_daytime
15,1,0,0,0,0.0,0,0.0,1,0,0.929,0.754,0.979,32.7,0,0.0,13,5,0.328,0,normal_daytime
55,5,1,0,0,0.0,0,0.0,1,0,0.911,0.811,0.951,42.1,0,0.0,11,1,0.55,0,normal_lobby_transit
4,1,0,1,1,7.6,0,1.0,0,0,0.877,0.757,0.927,43.8,0,0.0,2,0,0.14,0,normal_night_staff
16,2,1,0,0,0.0,0,1.0,1,0,0.913,0.793,0.963,41.3,0,0.0,1,3,0.2,0,normal_night_staff
38,2,2,0,0,0.0,0,0.0,2,0,0.867,0.767,0.907,43.2,0,0.0,11,3,0.34,0,normal_lobby_transit
28,1,1,1,0,122.8,1,0.0,1,1,0.876,0.796,0.926,7.1,2,2.0,18,3,0.796,1,pharmacy_loitering
16,2,0,1,0,0.4,0,0.0,1,0,0.938,0.821,0.985,57.6,0,0.0,19,5,0.483,0,normal_daytime
51,3,2,0,0,0.0,0,0.0,1,0,0.915,0.815,0.955,52.4,0,0.0,20,0,0.41,0,normal_lobby_transit
7,1,0,0,0,0.0,0,1.0,0,0,0.829,0.709,0.879,38.7,0,0.0,4,3,0.14,0,normal_night_staff
60,3,1,0,0,0.0,0,0.0,2,0,0.921,0.821,0.961,73.0,0,0.0,19,5,0.41,0,normal_lobby_transit
10,2,1,1,1,7.7,0,1.0,1,0,0.82,0.7,0.87,32.8,0,0.0,1,5,0.2,0,normal_night_staff
10,1,1,1,1,2.0,0,1.0,1,0,0.815,0.695,0.865,27.4,0,0.0,23,2,0.14,0,normal_night_staff
8,2,1,1,1,1.4,0,1.0,1,0,0.813,0.693,0.863,39.5,0,0.0,23,3,0.2,0,normal_night_staff
55,5,3,1,1,3.9,0,0.0,3,1,0.847,0.741,0.879,25.6,0,0.0,9,4,0.627,0,normal_daytime
75,5,3,2,2,6.9,0,0.0,3,1,0.861,0.721,0.892,42.3,2,2.0,18,1,0.677,0,normal_daytime
6,1,1,1,1,7.8,0,1.0,1,0,0.884,0.764,0.934,27.4,0,0.0,3,4,0.14,0,normal_night_staff
32,4,3,0,0,0.0,0,0.0,3,1,0.889,0.738,0.926,27.0,0,0.0,19,0,0.551,0,normal_daytime
78,6,2,0,0,0.0,0,0.0,2,0,0.947,0.847,0.987,50.0,0,0.0,12,4,0.62,0,normal_lobby_transit
75,5,1,0,0,0.0,0,0.0,1,0,0.851,0.751,0.891,45.3,0,0.0,17,5,0.55,0,normal_lobby_transit
20,2,2,1,0,11.2,0,0.0,2,0,0.927,0.825,0.98,43.0,1,1.0,15,0,0.439,0,normal_daytime
15,1,1,0,0,0.0,0,0.0,1,0,0.855,0.731,0.906,52.1,0,0.0,18,5,0.386,0,normal_daytime
80,4,0,0,0,0.0,0,0.0,3,0,0.916,0.816,0.956,58.6,0,0.0,13,2,0.48,0,normal_lobby_transit
36,1,1,1,0,146.2,1,0.0,1,1,0.886,0.806,0.936,2.9,2,2.0,16,4,0.842,1,pharmacy_loitering
45,3,3,1,1,9.4,0,0.0,3,0,0.854,0.758,0.909,23.4,0,0.0,16,5,0.46,0,normal_daytime
50,5,2,0,0,0.0,0,0.0,2,0,0.935,0.835,0.975,45.1,0,0.0,8,2,0.55,0,normal_lobby_transit
36,4,0,1,1,11.6,0,0.0,1,0,0.855,0.69,0.912,38.9,0,0.0,10,5,0.587,0,normal_daytime
72,6,1,0,0,0.0,0,0.0,3,0,0.935,0.835,0.975,65.9,0,0.0,16,2,0.62,0,normal_lobby_transit
77,7,1,0,0,0.0,0,0.0,1,0,0.949,0.849,0.989,44.0,0,0.0,13,5,0.69,0,normal_lobby_transit
66,6,2,0,0,0.0,0,0.0,2,0,0.934,0.834,0.974,55.3,0,0.0,19,1,0.62,0,normal_lobby_transit
14,1,1,0,0,0.0,0,0.0,1,1,0.831,0.666,0.858,55.5,0,0.0,17,3,0.396,0,normal_daytime
20,2,1,0,0,0.0,0,0.0,1,0,0.92,0.757,0.966,43.1,0,0.0,19,1,0.439,0,normal_daytime
11,1,1,0,0,0.0,0,0.0,1,0,0.906,0.737,0.965,56.4,0,0.0,14,5,0.399,0,normal_daytime
42,3,0,0,0,0.0,0,0.0,1,0,0.934,0.834,0.974,43.4,0,0.0,12,4,0.41,0,normal_lobby_transit
5,1,0,1,1,3.6,0,1.0,0,0,0.847,0.727,0.897,34.4,0,0.0,2,6,0.14,0,normal_night_staff
8,1,1,0,0,0.0,0,1.0,1,0,0.828,0.708,0.878,38.2,0,0.0,6,2,0.14,0,normal_night_staff
12,2,0,1,1,5.9,0,1.0,0,0,0.857,0.737,0.907,30.7,0,0.0,21,0,0.2,0,normal_night_staff
60,5,3,0,0,0.0,0,0.0,3,0,0.833,0.694,0.892,42.7,0,0.0,13,6,0.678,0,normal_daytime
50,5,2,0,0,0.0,0,0.0,1,0,0.87,0.77,0.91,36.3,0,0.0,20,6,0.55,0,normal_lobby_transit
27,3,1,0,0,0.0,0,0.0,1,1,0.842,0.74,0.876,59.5,0,0.0,17,4,0.569,0,normal_daytime
12,1,0,1,1,10.1,0,0.0,1,1,0.863,0.75,0.907,30.4,0,0.0,18,4,0.321,0,normal_daytime
29,1,1,3,1,105.2,2,1.0,1,2,0.847,0.667,0.907,16.5,5,7.5,1,3,0.86,1,after_hours_breach
28,2,2,0,0,0.0,0,0.0,2,0,0.854,0.746,0.895,48.5,0,0.0,8,4,0.456,0,normal_daytime
23,1,1,8,7,24.2,0,0.0,1,7,0.872,0.772,0.922,36.7,3,4.5,13,6,1.0,1,repeated_reconnaissance
36,3,2,0,0,0.0,0,0.0,1,0,0.884,0.784,0.924,63.8,0,0.0,15,0,0.41,0,normal_lobby_transit
75,5,1,0,0,0.0,0,0.0,2,0,0.896,0.796,0.936,36.3,0,0.0,8,3,0.55,0,normal_lobby_transit
9,1,1,0,0,0.0,0,1.0,1,0,0.833,0.713,0.883,39.1,0,0.0,1,0,0.14,0,normal_night_staff
10,1,1,0,0,0.0,0,1.0,1,0,0.845,0.725,0.895,39.8,0,0.0,4,2,0.14,0,normal_night_staff
28,2,1,0,0,0.0,0,0.0,1,0,0.912,0.766,0.959,26.2,0,0.0,15,1,0.389,0,normal_daytime
4,1,1,1,1,1.6,0,1.0,1,0,0.876,0.756,0.926,43.4,0,0.0,1,5,0.14,0,normal_night_staff
10,1,0,2,0,4.5,0,0.0,1,0,0.833,0.752,0.886,62.2,2,2.0,18,3,0.417,0,normal_daytime
6,1,1,1,1,1.1,0,1.0,1,0,0.896,0.776,0.946,42.1,0,0.0,5,2,0.14,0,normal_night_staff
75,5,0,0,0,0.0,0,0.0,2,0,0.89,0.79,0.93,37.5,0,0.0,12,0,0.55,0,normal_lobby_transit
30,2,2,1,1,10.8,0,0.0,2,0,0.846,0.691,0.895,22.4,0,0.0,10,4,0.377,0,normal_daytime
270,10,6,6,3,43.5,3,0.0,6,4,0.865,0.665,0.925,24.7,3,6.0,11,4,0.95,1,crowd_surge
5,1,1,1,1,3.5,0,1.0,1,0,0.912,0.792,0.962,42.4,0,0.0,23,1,0.14,0,normal_night_staff
10,1,1,0,0,0.0,0,0.0,1,1,0.84,0.693,0.86,33.7,0,0.0,8,4,0.331,0,normal_daytime
10,1,1,1,1,7.4,0,1.0,1,0,0.886,0.766,0.936,48.0,0,0.0,4,4,0.14,0,normal_night_staff
8,1,1,1,1,3.5,0,1.0,1,0,0.822,0.702,0.872,40.1,0,0.0,4,4,0.14,0,normal_night_staff
13,1,0,1,1,8.3,0,0.0,1,0,0.876,0.717,0.91,63.8,0,0.0,14,1,0.421,0,normal_daytime
78,6,2,0,0,0.0,0,0.0,2,1,0.849,0.735,0.871,36.3,0,0.0,8,4,0.739,0,normal_daytime
20,2,1,2,2,7.8,0,0.0,1,0,0.855,0.731,0.911,42.5,2,2.0,15,5,0.438,0,normal_daytime
40,4,1,2,0,9.6,0,0.0,1,0,0.933,0.811,0.954,24.4,0,0.0,17,3,0.543,0,normal_daytime
18,2,1,1,1,5.1,0,1.0,1,0,0.868,0.748,0.918,34.4,0,0.0,22,5,0.2,0,normal_night_staff
36,3,3,1,0,10.6,0,0.0,3,0,0.933,0.827,0.977,26.6,1,1.0,10,0,0.47,0,normal_daytime
18,2,1,0,0,0.0,0,1.0,1,0,0.813,0.693,0.863,29.8,0,0.0,1,2,0.2,0,normal_night_staff
16,2,1,0,0,0.0,0,0.0,1,0,0.915,0.821,0.946,57.7,0,0.0,9,2,0.483,0,normal_daytime
39,3,0,0,0,0.0,0,0.0,1,0,0.865,0.765,0.905,62.7,0,0.0,17,5,0.41,0,normal_lobby_transit
48,3,2,0,0,0.0,0,0.0,3,0,0.907,0.807,0.947,72.7,0,0.0,16,6,0.41,0,normal_lobby_transit
21,1,1,2,1,80.4,2,1.0,1,1,0.825,0.645,0.885,19.6,4,6.0,2,2,0.811,1,after_hours_breach
40,4,3,0,0,0.0,0,0.0,3,0,0.934,0.757,0.977,22.6,0,0.0,19,1,0.538,0,normal_daytime
18,2,0,2,2,10.6,0,0.0,1,0,0.873,0.714,0.894,56.5,0,0.0,16,1,0.48,0,normal_daytime
8,1,0,1,1,0.3,0,0.0,1,0,0.866,0.718,0.892,48.7,1,1.0,10,0,0.376,0,normal_daytime
8,1,0,1,1,1.5,0,1.0,0,0,0.877,0.757,0.927,34.1,0,0.0,22,2,0.14,0,normal_night_staff
18,2,0,0,0,0.0,0,1.0,0,0,0.907,0.787,0.957,40.1,0,0.0,4,4,0.2,0,normal_night_staff
66,6,2,2,2,8.3,0,0.0,2,0,0.872,0.719,0.911,50.5,0,0.0,19,4,0.781,0,normal_daytime
72,6,1,2,2,10.6,0,0.0,1,0,0.907,0.749,0.959,48.4,2,2.0,11,0,0.775,0,normal_daytime
4,1,0,0,0,0.0,0,1.0,0,0,0.859,0.739,0.909,41.7,0,0.0,2,0,0.14,0,normal_night_staff
24,3,1,1,1,3.4,0,0.0,1,1,0.829,0.726,0.86,56.0,0,0.0,17,3,0.558,0,normal_daytime
20,1,1,1,0,134.4,1,0.0,1,1,0.903,0.823,0.953,1.7,2,2.0,13,1,0.819,1,pharmacy_loitering
11,1,1,0,0,0.0,0,0.0,1,1,0.928,0.819,0.986,26.7,0,0.0,18,5,0.31,0,normal_daytime
100,5,2,0,0,0.0,0,0.0,2,0,0.896,0.796,0.936,64.3,0,0.0,12,2,0.55,0,normal_lobby_transit
12,2,1,1,1,2.0,0,1.0,1,0,0.845,0.725,0.895,43.9,0,0.0,3,6,0.2,0,normal_night_staff
20,2,0,1,1,6.8,0,1.0,0,0,0.908,0.788,0.958,44.4,0,0.0,1,0,0.2,0,normal_night_staff
42,3,0,1,0,6.8,0,0.0,1,0,0.877,0.796,0.907,32.5,1,1.0,19,6,0.488,0,normal_daytime
54,6,3,0,0,0.0,0,0.0,3,0,0.939,0.797,0.981,56.1,0,0.0,19,2,0.798,0,normal_daytime
10,2,0,1,1,6.4,0,1.0,0,0,0.829,0.709,0.879,43.0,0,0.0,5,3,0.2,0,normal_night_staff
48,6,3,0,0,0.0,0,0.0,3,0,0.87,0.7,0.918,54.8,0,0.0,19,1,0.794,0,normal_daytime
65,5,2,0,0,0.0,0,0.0,2,0,0.913,0.793,0.939,47.3,0,0.0,11,6,0.692,0,normal_daytime
28,2,2,0,0,0.0,0,0.0,2,0,0.831,0.691,0.886,39.4,0,0.0,16,4,0.428,0,normal_daytime
10,1,1,0,0,0.0,0,1.0,1,0,0.828,0.708,0.878,37.3,0,0.0,2,1,0.14,0,normal_night_staff
40,4,0,0,0,0.0,0,0.0,1,0,0.871,0.776,0.917,31.7,0,0.0,16,6,0.565,0,normal_daytime
84,6,0,0,0,0.0,0,0.0,1,0,0.831,0.692,0.867,57.8,0,0.0,19,5,0.803,0,normal_daytime
12,1,0,2,1,1.4,0,0.0,1,0,0.897,0.728,0.953,26.0,0,0.0,13,0,0.308,0,normal_daytime
54,3,0,0,0,0.0,0,0.0,3,0,0.91,0.81,0.95,60.2,0,0.0,15,3,0.41,0,normal_lobby_transit
5,1,0,1,1,7.1,0,1.0,0,0,0.808,0.688,0.858,25.1,0,0.0,0,0,0.14,0,normal_night_staff
90,6,0,0,0,0.0,0,0.0,3,0,0.928,0.828,0.968,73.1,0,0.0,15,3,0.62,0,normal_lobby_transit
40,4,3,0,0,0.0,0,0.0,3,1,0.854,0.754,0.909,62.9,0,0.0,11,2,0.659,0,normal_daytime
52,4,0,1,1,5.9,0,0.0,1,0,0.886,0.768,0.913,47.2,0,0.0,17,4,0.612,0,normal_daytime
44,4,0,1,1,3.1,0,0.0,1,0,0.829,0.692,0.859,41.2,0,0.0,10,4,0.594,0,normal_daytime
24,2,0,2,0,3.1,0,0.0,1,1,0.877,0.707,0.936,49.7,0,0.0,11,0,0.459,0,normal_daytime
5,1,0,0,0,0.0,0,1.0,0,0,0.879,0.759,0.929,44.0,0,0.0,2,0,0.14,0,normal_night_staff
15,1,1,1,0,2.1,0,0.0,1,0,0.886,0.715,0.936,40.0,0,0.0,8,1,0.35,0,normal_daytime
68,4,2,0,0,0.0,0,0.0,1,0,0.852,0.752,0.892,50.1,0,0.0,19,5,0.48,0,normal_lobby_transit
7,1,0,1,1,5.3,0,1.0,0,0,0.891,0.771,0.941,41.1,0,0.0,3,5,0.14,0,normal_night_staff
60,4,0,2,1,5.6,0,0.0,1,0,0.892,0.812,0.922,32.6,0,0.0,8,2,0.568,0,normal_daytime
75,5,3,2,0,4.2,0,0.0,3,1,0.938,0.772,0.99,53.6,0,0.0,15,1,0.711,0,normal_daytime
66,6,1,0,0,0.0,0,0.0,1,1,0.86,0.774,0.899,28.7,0,0.0,8,2,0.716,0,normal_daytime
38,2,2,0,0,0.0,0,0.0,3,0,0.873,0.773,0.913,68.7,0,0.0,20,2,0.34,0,normal_lobby_transit
66,6,1,1,1,8.7,0,0.0,1,0,0.935,0.762,0.968,29.4,0,0.0,9,3,0.718,0,normal_daytime
84,6,2,1,1,10.2,0,0.0,2,1,0.869,0.755,0.927,52.9,0,0.0,18,2,0.789,0,normal_daytime
9,1,1,0,0,0.0,0,1.0,1,0,0.894,0.774,0.944,39.6,0,0.0,21,6,0.14,0,normal_night_staff
9,1,0,1,1,2.4,0,1.0,0,0,0.901,0.781,0.951,43.2,0,0.0,2,1,0.14,0,normal_night_staff
54,6,2,2,1,1.0,0,0.0,2,1,0.911,0.802,0.939,45.8,0,0.0,8,5,0.767,0,normal_daytime
34,1,1,1,0,151.7,1,0.0,1,1,0.884,0.804,0.934,5.4,1,1.0,14,1,0.853,1,pharmacy_loitering
24,3,1,0,0,0.0,0,0.0,1,1,0.859,0.762,0.89,27.1,0,0.0,12,1,0.471,0,normal_daytime
147,7,11,4,1,65.7,4,0.0,11,4,0.82,0.62,0.88,18.6,4,8.0,14,2,0.905,1,crowd_surge
108,6,2,0,0,0.0,0,0.0,2,0,0.921,0.821,0.961,42.0,0,0.0,20,5,0.62,0,normal_lobby_transit
60,4,2,0,0,0.0,0,0.0,2,0,0.828,0.677,0.864,55.6,0,0.0,11,6,0.637,0,normal_daytime
60,4,1,0,0,0.0,0,0.0,1,0,0.869,0.769,0.909,66.5,0,0.0,13,1,0.48,0,normal_lobby_transit
50,2,1,5,4,31.7,0,0.0,1,4,0.839,0.739,0.889,43.6,4,6.0,14,6,0.9,1,repeated_reconnaissance
133,7,2,0,0,0.0,0,0.0,3,0,0.888,0.788,0.928,43.8,0,0.0,18,0,0.69,0,normal_lobby_transit
39,3,3,1,0,11.5,0,0.0,3,0,0.822,0.723,0.854,43.8,0,0.0,19,3,0.521,0,normal_daytime
100,5,1,0,0,0.0,0,0.0,2,0,0.905,0.805,0.945,59.7,0,0.0,16,1,0.55,0,normal_lobby_transit
9,1,0,2,0,3.4,0,0.0,1,0,0.851,0.762,0.883,39.5,2,2.0,14,2,0.348,0,normal_daytime
18,2,0,1,1,4.0,0,0.0,1,1,0.908,0.729,0.938,42.9,0,0.0,16,1,0.439,0,normal_daytime
46,2,1,5,4,36.2,0,1.0,1,4,0.821,0.721,0.871,31.2,3,4.5,23,0,0.9,1,repeated_reconnaissance
34,2,2,2,0,138.1,2,1.0,2,2,0.842,0.662,0.902,6.8,3,4.5,1,1,0.926,1,after_hours_breach
48,4,1,0,0,0.0,0,0.0,1,0,0.939,0.829,0.99,51.7,0,0.0,18,0,0.625,0,normal_daytime
48,4,2,0,0,0.0,0,0.0,2,0,0.858,0.758,0.898,64.2,0,0.0,13,6,0.48,0,normal_lobby_transit
66,2,2,3,1,156.3,1,1.0,2,1,0.83,0.65,0.89,19.3,3,4.5,0,1,0.963,1,after_hours_breach
36,3,2,1,0,3.8,0,0.0,2,1,0.912,0.817,0.966,50.3,0,0.0,14,2,0.541,0,normal_daytime
38,2,1,4,3,25.6,1,0.0,1,3,0.91,0.81,0.96,38.7,4,6.0,18,6,0.86,1,repeated_reconnaissance
48,2,2,3,1,126.5,2,1.0,2,1,0.827,0.647,0.887,10.8,4,6.0,3,1,0.903,1,after_hours_breach
75,5,0,1,1,3.1,0,0.0,1,1,0.922,0.778,0.972,56.9,0,0.0,13,6,0.721,0,normal_daytime
13,1,1,1,1,5.7,0,0.0,1,0,0.919,0.812,0.961,33.7,1,1.0,12,5,0.331,0,normal_daytime
9,1,0,0,0,0.0,0,1.0,0,0,0.806,0.686,0.856,35.3,0,0.0,0,1,0.14,0,normal_night_staff
24,2,1,0,0,0.0,0,0.0,1,0,0.86,0.779,0.9,54.0,0,0.0,15,3,0.472,0,normal_daytime
51,3,0,0,0,0.0,0,0.0,1,0,0.87,0.77,0.91,50.0,0,0.0,14,4,0.41,0,normal_lobby_transit
56,4,1,2,1,6.9,0,0.0,1,0,0.837,0.712,0.869,43.8,0,0.0,13,5,0.601,0,normal_daytime
55,5,3,1,0,2.8,0,0.0,3,0,0.863,0.766,0.899,35.6,0,0.0,18,1,0.657,0,normal_daytime
40,1,1,1,0,118.2,1,0.0,1,0,0.897,0.817,0.947,3.5,3,3.0,12,4,0.786,1,pharmacy_loitering
15,1,1,0,0,0.0,0,0.0,1,0,0.849,0.768,0.903,55.0,0,0.0,10,4,0.395,0,normal_daytime
54,3,0,0,0,0.0,0,0.0,1,0,0.93,0.83,0.97,57.3,0,0.0,8,1,0.41,0,normal_lobby_transit
26,2,0,1,0,4.1,0,0.0,1,1,0.886,0.767,0.914,42.3,0,0.0,19,1,0.437,0,normal_daytime
60,6,0,1,1,4.7,0,0.0,1,1,0.898,0.719,0.932,58.0,0,0.0,16,0,0.804,0,normal_daytime
84,6,1,0,0,0.0,0,0.0,2,0,0.87,0.77,0.91,52.7,0,0.0,19,2,0.62,0,normal_lobby_transit
78,6,1,2,2,10.7,0,0.0,1,0,0.847,0.708,0.874,35.2,0,0.0,18,3,0.736,0,normal_daytime
13,1,1,0,0,0.0,0,0.0,1,0,0.927,0.762,0.975,61.9,0,0.0,19,3,0.416,0,normal_daytime
40,2,1,5,4,41.8,1,1.0,1,4,0.875,0.775,0.925,50.7,3,4.5,21,4,0.9,1,repeated_reconnaissance
18,2,2,0,0,0.0,0,0.0,2,0,0.928,0.799,0.955,36.1,0,0.0,18,5,0.418,0,normal_daytime
77,7,1,0,0,0.0,0,0.0,1,0,0.86,0.76,0.9,37.9,0,0.0,15,4,0.69,0,normal_lobby_transit
50,5,1,0,0,0.0,0,0.0,2,0,0.91,0.81,0.95,54.7,0,0.0,16,6,0.55,0,normal_lobby_transit
30,3,3,2,1,4.4,0,0.0,3,0,0.912,0.737,0.963,22.7,2,2.0,8,2,0.458,0,normal_daytime
105,7,1,0,0,0.0,0,0.0,2,0,0.913,0.813,0.953,64.6,0,0.0,7,0,0.69,0,normal_lobby_transit
15,1,0,1,1,1.2,0,0.0,1,0,0.931,0.823,0.968,37.0,0,0.0,19,5,0.341,0,normal_daytime
16,2,0,1,1,10.1,0,0.0,1,0,0.874,0.761,0.908,46.1,0,0.0,9,5,0.448,0,normal_daytime
48,4,3,0,0,0.0,0,0.0,3,0,0.864,0.728,0.892,40.0,0,0.0,13,0,0.59,0,normal_daytime
91,7,1,0,0,0.0,0,0.0,3,0,0.932,0.832,0.972,71.7,0,0.0,8,1,0.69,0,normal_lobby_transit
12,1,1,1,1,9.2,0,0.0,1,0,0.879,0.717,0.922,40.3,0,0.0,8,6,0.351,0,normal_daytime
48,4,0,0,0,0.0,0,0.0,1,0,0.889,0.729,0.937,46.1,0,0.0,8,5,0.608,0,normal_daytime
72,6,2,2,1,5.0,0,0.0,2,0,0.842,0.733,0.887,48.6,0,0.0,17,6,0.776,0,normal_daytime
4,1,0,1,1,2.0,0,1.0,0,0,0.826,0.706,0.876,39.2,0,0.0,22,2,0.14,0,normal_night_staff
68,4,0,0,0,0.0,0,0.0,3,0,0.869,0.769,0.909,51.5,0,0.0,12,4,0.48,0,normal_lobby_transit
30,1,1,1,0,102.4,1,0.0,1,0,0.92,0.84,0.97,1.6,1,1.0,17,4,0.755,1,pharmacy_loitering
70,5,0,1,1,1.4,0,0.0,1,1,0.841,0.716,0.895,23.7,0,0.0,12,5,0.621,0,normal_daytime
9,1,0,0,0,0.0,0,1.0,0,0,0.812,0.692,0.862,49.4,0,0.0,23,3,0.14,0,normal_night_staff
20,2,0,1,1,4.7,0,1.0,0,0,0.879,0.759,0.929,26.7,0,0.0,22,6,0.2,0,normal_night_staff
32,2,2,4,0,48.5,2,1.0,2,3,0.748,0.568,0.808,9.8,2,3.0,0,6,0.747,1,after_hours_breach
42,3,0,0,0,0.0,0,0.0,1,0,0.849,0.741,0.901,54.6,0,0.0,18,4,0.554,0,normal_daytime
45,3,2,2,1,7.6,0,0.0,2,0,0.888,0.711,0.939,44.9,0,0.0,16,6,0.525,0,normal_daytime
28,2,1,0,0,0.0,0,0.0,1,0,0.892,0.792,0.932,49.3,0,0.0,17,0,0.34,0,normal_lobby_transit
28,2,2,0,0,0.0,0,0.0,2,0,0.859,0.759,0.899,45.0,0,0.0,10,1,0.34,0,normal_lobby_transit
52,4,2,2,2,6.1,0,0.0,2,0,0.9,0.816,0.921,28.1,0,0.0,10,4,0.554,0,normal_daytime
24,3,3,0,0,0.0,0,0.0,3,1,0.936,0.805,0.976,51.4,0,0.0,8,6,0.544,0,normal_daytime
10,2,0,1,1,2.5,0,1.0,0,0,0.88,0.76,0.93,29.8,0,0.0,0,3,0.2,0,normal_night_staff
70,5,1,1,1,1.3,0,0.0,1,1,0.886,0.709,0.91,63.8,1,1.0,9,5,0.741,0,normal_daytime
9,1,0,1,1,4.7,0,1.0,0,0,0.847,0.727,0.897,39.4,0,0.0,21,6,0.14,0,normal_night_staff
75,5,2,0,0,0.0,0,0.0,3,0,0.944,0.844,0.984,38.4,0,0.0,9,1,0.55,0,normal_lobby_transit
30,2,0,0,0,0.0,0,0.0,1,1,0.896,0.776,0.955,38.5,0,0.0,10,4,0.425,0,normal_daytime
40,2,2,0,0,0.0,0,0.0,2,0,0.901,0.801,0.941,35.7,0,0.0,17,4,0.34,0,normal_lobby_transit
6,1,1,1,1,4.7,0,1.0,1,0,0.898,0.778,0.948,30.5,0,0.0,2,3,0.14,0,normal_night_staff
60,4,0,1,1,2.8,0,0.0,1,1,0.882,0.721,0.936,22.7,0,0.0,18,0,0.538,0,normal_daytime
12,1,0,2,1,1.5,0,0.0,1,0,0.894,0.805,0.94,47.4,0,0.0,16,2,0.372,0,normal_daytime
33,3,1,1,0,9.3,0,0.0,1,0,0.905,0.745,0.94,22.1,0,0.0,17,3,0.456,0,normal_daytime
12,2,0,0,0,0.0,0,1.0,0,0,0.8,0.68,0.85,39.3,0,0.0,3,3,0.2,0,normal_night_staff
75,5,2,0,0,0.0,0,0.0,2,0,0.849,0.71,0.89,39.0,0,0.0,13,1,0.667,0,normal_daytime
95,5,2,0,0,0.0,0,0.0,1,0,0.925,0.825,0.965,65.7,0,0.0,8,4,0.55,0,normal_lobby_transit
78,6,0,0,0,0.0,0,0.0,2,0,0.923,0.823,0.963,59.9,0,0.0,11,6,0.62,0,normal_lobby_transit
9,1,1,0,0,0.0,0,1.0,1,0,0.858,0.738,0.908,37.2,0,0.0,3,3,0.14,0,normal_night_staff
72,6,3,0,0,0.0,0,0.0,3,0,0.924,0.75,0.957,48.6,0,0.0,13,4,0.776,0,normal_daytime
33,1,1,4,1,85.7,2,1.0,1,3,0.853,0.673,0.913,8.3,5,7.5,1,1,0.821,1,after_hours_breach
10,1,1,0,0,0.0,0,1.0,1,0,0.821,0.701,0.871,46.4,0,0.0,21,5,0.14,0,normal_night_staff
36,3,2,0,0,0.0,0,0.0,2,0,0.823,0.696,0.872,28.2,0,0.0,14,5,0.475,0,normal_daytime
55,5,2,1,1,1.9,0,0.0,2,1,0.929,0.78,0.968,32.1,1,1.0,12,6,0.646,0,normal_daytime
26,2,0,2,0,8.5,0,0.0,1,0,0.89,0.733,0.913,24.7,0,0.0,16,3,0.384,0,normal_daytime
5,1,0,1,1,3.3,0,1.0,0,0,0.811,0.691,0.861,25.4,0,0.0,6,5,0.14,0,normal_night_staff
5,1,1,0,0,0.0,0,1.0,1,0,0.893,0.773,0.943,25.7,0,0.0,1,1,0.14,0,normal_night_staff
11,1,0,1,1,6.2,0,0.0,1,1,0.85,0.695,0.878,37.3,0,0.0,12,1,0.342,0,normal_daytime
84,6,3,0,0,0.0,0,0.0,3,0,0.928,0.843,0.965,60.6,0,0.0,12,2,0.812,0,normal_daytime
9,1,1,0,0,0.0,0,1.0,1,0,0.903,0.783,0.953,28.0,0,0.0,0,0,0.14,0,normal_night_staff
62,2,2,2,0,105.2,2,1.0,2,3,0.838,0.658,0.898,7.3,3,4.5,0,1,0.86,1,after_hours_breach
20,2,0,1,1,5.2,0,1.0,0,0,0.883,0.763,0.933,25.8,0,0.0,1,1,0.2,0,normal_night_staff
36,2,1,0,0,0.0,0,0.0,3,0,0.911,0.811,0.951,38.8,0,0.0,11,0,0.34,0,normal_lobby_transit
22,2,2,1,0,1.7,0,0.0,2,0,0.89,0.779,0.943,56.3,0,0.0,10,2,0.479,0,normal_daytime
44,1,1,1,0,239.6,1,0.0,1,0,0.879,0.799,0.929,3.7,3,3.0,17,4,1.0,1,pharmacy_loitering
60,5,3,0,0,0.0,0,0.0,3,0,0.926,0.751,0.971,64.1,0,0.0,10,5,0.742,0,normal_daytime
44,4,3,2,0,4.3,0,0.0,3,0,0.832,0.723,0.868,51.2,2,2.0,14,6,0.624,0,normal_daytime
90,6,2,0,0,0.0,0,0.0,3,0,0.865,0.765,0.905,61.4,0,0.0,9,3,0.62,0,normal_lobby_transit
16,2,1,0,0,0.0,0,0.0,1,0,0.897,0.814,0.928,64.0,0,0.0,9,0,0.502,0,normal_daytime
30,2,1,0,0,0.0,0,0.0,2,0,0.871,0.771,0.911,43.5,0,0.0,19,3,0.34,0,normal_lobby_transit
40,5,2,1,1,9.1,0,0.0,2,0,0.906,0.735,0.955,28.3,1,1.0,10,2,0.635,0,normal_daytime
84,6,3,1,0,2.6,0,0.0,3,0,0.879,0.782,0.907,49.4,0,0.0,17,5,0.778,0,normal_daytime
44,4,2,0,0,0.0,0,0.0,1,0,0.929,0.829,0.969,60.5,0,0.0,18,6,0.48,0,normal_lobby_transit
66,6,0,2,1,2.0,0,0.0,1,1,0.838,0.69,0.859,62.8,2,2.0,15,2,0.818,0,normal_daytime
6,1,1,0,0,0.0,0,1.0,1,0,0.811,0.691,0.861,48.6,0,0.0,23,5,0.14,0,normal_night_staff
52,4,2,0,0,0.0,0,0.0,2,0,0.909,0.809,0.949,70.3,0,0.0,10,6,0.48,0,normal_lobby_transit
5,1,0,0,0,0.0,0,1.0,0,0,0.915,0.795,0.965,28.4,0,0.0,4,0,0.14,0,normal_night_staff
6,1,1,1,1,5.6,0,1.0,1,0,0.882,0.762,0.932,36.1,0,0.0,22,6,0.14,0,normal_night_staff
6,1,1,1,1,2.3,0,1.0,1,0,0.832,0.712,0.882,31.7,0,0.0,3,4,0.14,0,normal_night_staff
78,6,2,2,1,11.7,0,0.0,2,0,0.931,0.775,0.974,58.7,0,0.0,16,3,0.806,0,normal_daytime
30,2,1,1,1,2.2,0,0.0,1,0,0.875,0.749,0.896,47.6,1,1.0,8,5,0.453,0,normal_daytime
84,6,0,2,1,5.9,0,0.0,1,1,0.886,0.802,0.93,31.0,0,0.0,14,6,0.723,0,normal_daytime
54,6,3,1,0,9.5,0,0.0,3,1,0.846,0.723,0.874,33.5,0,0.0,17,0,0.731,0,normal_daytime
48,4,0,1,0,0.4,0,0.0,1,0,0.836,0.658,0.856,28.1,0,0.0,18,2,0.554,0,normal_daytime
147,7,6,5,2,26.5,2,1.0,6,4,0.812,0.612,0.872,30.0,7,14.0,21,1,0.905,1,crowd_surge
57,3,1,0,0,0.0,0,0.0,3,0,0.894,0.794,0.934,60.5,0,0.0,12,2,0.41,0,normal_lobby_transit
5,1,0,1,1,1.8,0,1.0,0,0,0.872,0.752,0.922,33.1,0,0.0,5,5,0.14,0,normal_night_staff
34,2,0,0,0,0.0,0,0.0,2,0,0.91,0.81,0.95,37.2,0,0.0,15,5,0.34,0,normal_lobby_transit
50,2,1,5,4,41.9,0,0.0,1,4,0.902,0.802,0.952,45.5,5,7.5,17,6,0.9,1,repeated_reconnaissance
8,1,1,1,1,5.4,0,1.0,1,0,0.873,0.753,0.923,35.7,0,0.0,3,3,0.14,0,normal_night_staff
7,1,0,1,1,3.0,0,1.0,0,0,0.872,0.752,0.922,32.8,0,0.0,21,0,0.14,0,normal_night_staff
38,2,0,0,0,0.0,0,0.0,3,0,0.91,0.81,0.95,42.2,0,0.0,7,0,0.34,0,normal_lobby_transit
36,4,0,0,0,0.0,0,0.0,1,0,0.877,0.752,0.912,44.6,0,0.0,19,3,0.604,0,normal_daytime
18,2,0,1,1,4.2,0,1.0,0,0,0.809,0.689,0.859,45.5,0,0.0,5,6,0.2,0,normal_night_staff
10,1,1,1,1,5.6,0,0.0,1,0,0.893,0.782,0.942,53.6,0,0.0,9,5,0.391,0,normal_daytime
21,1,1,6,5,39.0,0,0.0,1,5,0.853,0.753,0.903,42.8,2,3.0,18,0,0.94,1,repeated_reconnaissance
60,6,1,0,0,0.0,0,0.0,1,0,0.88,0.732,0.913,32.0,0,0.0,8,6,0.726,0,normal_daytime
18,2,1,1,1,4.5,0,0.0,1,0,0.888,0.795,0.929,26.3,0,0.0,17,4,0.389,0,normal_daytime
8,1,0,0,0,0.0,0,1.0,0,0,0.829,0.709,0.879,45.8,0,0.0,22,3,0.14,0,normal_night_staff
56,4,0,2,1,4.3,0,0.0,1,1,0.825,0.65,0.879,24.9,0,0.0,13,3,0.545,0,normal_daytime
48,4,1,0,0,0.0,0,0.0,1,1,0.86,0.712,0.92,54.6,0,0.0,15,5,0.634,0,normal_daytime
72,6,2,1,1,4.7,0,0.0,2,0,0.88,0.72,0.916,52.6,0,0.0,8,2,0.788,0,normal_daytime
114,6,1,0,0,0.0,0,0.0,3,0,0.923,0.823,0.963,54.9,0,0.0,12,1,0.62,0,normal_lobby_transit
54,6,1,1,1,8.8,0,0.0,1,0,0.886,0.789,0.941,33.4,0,0.0,8,6,0.73,0,normal_daytime
8,1,0,1,1,4.8,0,1.0,0,0,0.821,0.701,0.871,25.9,0,0.0,6,4,0.14,0,normal_night_staff
7,1,0,0,0,0.0,0,1.0,0,0,0.89,0.77,0.94,46.2,0,0.0,2,2,0.14,0,normal_night_staff
27,1,1,3,0,142.0,1,1.0,1,3,0.856,0.676,0.916,18.8,2,3.0,3,1,0.934,1,after_hours_breach
72,6,3,0,0,0.0,0,0.0,3,0,0.922,0.81,0.976,39.5,0,0.0,18,0,0.749,0,normal_daytime
12,2,0,0,0,0.0,0,1.0,0,0,0.827,0.707,0.877,46.4,0,0.0,2,1,0.2,0,normal_night_staff
5,1,0,0,0,0.0,0,1.0,0,0,0.888,0.768,0.938,41.9,0,0.0,21,5,0.14,0,normal_night_staff
44,4,1,0,0,0.0,0,0.0,1,0,0.931,0.752,0.986,43.1,0,0.0,8,2,0.599,0,normal_daytime
31,1,1,1,0,75.9,1,0.0,1,1,0.857,0.777,0.907,5.8,3,3.0,11,3,0.702,1,pharmacy_loitering
104,8,11,8,1,67.8,4,0.0,11,4,0.868,0.668,0.928,27.2,4,8.0,15,3,0.92,1,crowd_surge
16,2,1,1,1,7.6,0,1.0,1,0,0.88,0.76,0.93,26.6,0,0.0,2,3,0.2,0,normal_night_staff
72,6,0,0,0,0.0,0,0.0,1,0,0.909,0.805,0.965,30.0,0,0.0,14,1,0.72,0,normal_daytime
16,2,1,1,1,5.0,0,1.0,1,0,0.804,0.684,0.854,28.1,0,0.0,3,3,0.2,0,normal_night_staff
30,3,2,1,0,8.0,0,0.0,2,0,0.893,0.796,0.942,29.0,0,0.0,15,5,0.477,0,normal_daytime
18,2,1,0,0,0.0,0,1.0,1,0,0.801,0.681,0.851,28.3,0,0.0,0,2,0.2,0,normal_night_staff
28,1,1,7,6,16.3,1,1.0,1,6,0.909,0.809,0.959,31.5,3,4.5,20,4,0.98,1,repeated_reconnaissance
65,5,3,2,1,2.1,0,0.0,3,0,0.883,0.755,0.941,42.4,0,0.0,18,6,0.677,0,normal_daytime
198,11,7,7,2,36.3,2,0.0,7,2,0.855,0.655,0.915,31.5,5,10.0,11,6,0.965,1,crowd_surge
12,2,0,0,0,0.0,0,1.0,0,0,0.828,0.708,0.878,29.2,0,0.0,6,0,0.2,0,normal_night_staff
5,1,1,1,1,3.3,0,1.0,1,0,0.878,0.758,0.928,27.5,0,0.0,2,6,0.14,0,normal_night_staff
14,2,1,0,0,0.0,0,1.0,1,0,0.909,0.789,0.959,25.5,0,0.0,23,6,0.2,0,normal_night_staff
14,2,1,0,0,0.0,0,1.0,1,0,0.826,0.706,0.876,49.1,0,0.0,6,2,0.2,0,normal_night_staff
18,2,0,0,0,0.0,0,0.0,1,1,0.883,0.731,0.934,45.4,0,0.0,19,1,0.446,0,normal_daytime
14,1,0,0,0,0.0,0,0.0,1,0,0.87,0.734,0.918,54.5,0,0.0,16,2,0.393,0,normal_daytime
10,1,0,1,1,1.7,0,1.0,0,0,0.825,0.705,0.875,28.6,0,0.0,0,5,0.14,0,normal_night_staff
37,1,1,1,0,72.9,1,1.0,1,1,0.85,0.77,0.9,6.9,2,2.0,20,6,0.696,1,pharmacy_loitering
72,6,1,0,0,0.0,0,0.0,1,0,0.906,0.806,0.946,38.7,0,0.0,17,1,0.62,0,normal_lobby_transit
72,4,2,0,0,0.0,0,0.0,2,0,0.893,0.793,0.933,51.4,0,0.0,13,5,0.48,0,normal_lobby_transit
12,2,1,0,0,0.0,0,1.0,1,0,0.855,0.735,0.905,40.0,0,0.0,1,1,0.2,0,normal_night_staff
30,3,0,0,0,0.0,0,0.0,1,0,0.863,0.763,0.903,51.1,0,0.0,16,6,0.41,0,normal_lobby_transit
27,3,0,1,1,4.8,0,0.0,1,0,0.923,0.791,0.98,22.5,0,0.0,17,2,0.458,0,normal_daytime
12,2,1,0,0,0.0,0,1.0,1,0,0.821,0.701,0.871,29.7,0,0.0,5,3,0.2,0,normal_night_staff
286,11,5,5,3,37.4,4,0.0,5,4,0.813,0.613,0.873,22.2,6,12.0,17,5,0.965,1,crowd_surge
84,6,2,2,2,0.0,0,0.0,2,1,0.933,0.767,0.978,49.5,0,0.0,13,0,0.778,0,normal_daytime
8,1,1,0,0,0.0,0,0.0,1,1,0.919,0.803,0.946,55.0,0,0.0,18,5,0.395,0,normal_daytime
30,2,0,0,0,0.0,0,0.0,1,0,0.839,0.698,0.861,64.3,0,0.0,12,3,0.503,0,normal_daytime
72,6,2,0,0,0.0,0,0.0,2,0,0.924,0.824,0.964,56.4,0,0.0,18,4,0.62,0,normal_lobby_transit
8,2,1,0,0,0.0,0,1.0,1,0,0.893,0.773,0.943,47.2,0,0.0,23,2,0.2,0,normal_night_staff
16,2,2,0,0,0.0,0,0.0,2,0,0.835,0.692,0.894,33.9,0,0.0,17,5,0.412,0,normal_daytime
12,1,1,1,0,5.5,0,0.0,1,0,0.911,0.793,0.961,57.8,0,0.0,15,1,0.403,0,normal_daytime
64,2,2,4,1,92.3,1,1.0,2,1,0.855,0.675,0.915,15.6,5,7.5,4,1,0.835,1,after_hours_breach
28,2,2,0,0,0.0,0,0.0,2,0,0.921,0.821,0.961,61.9,0,0.0,11,6,0.34,0,normal_lobby_transit
60,5,2,2,0,8.5,0,0.0,2,0,0.899,0.742,0.958,58.8,0,0.0,14,0,0.726,0,normal_daytime
44,4,1,1,1,10.8,0,0.0,1,0,0.864,0.689,0.923,41.9,0,0.0,19,6,0.596,0,normal_daytime
24,3,3,0,0,0.0,0,0.0,3,1,0.821,0.667,0.845,47.3,0,0.0,9,3,0.532,0,normal_daytime
9,1,0,0,0,0.0,0,1.0,0,0,0.878,0.758,0.928,30.8,0,0.0,1,2,0.14,0,normal_night_staff
11,1,1,1,1,0.6,0,0.0,1,1,0.854,0.736,0.904,63.0,1,1.0,17,2,0.419,0,normal_daytime
14,1,1,1,1,4.0,0,0.0,1,0,0.864,0.744,0.892,29.9,0,0.0,12,5,0.32,0,normal_daytime
21,1,1,2,0,52.2,1,1.0,1,2,0.783,0.603,0.843,10.4,4,6.0,1,2,0.754,1,after_hours_breach
33,3,1,0,0,0.0,0,0.0,1,0,0.863,0.714,0.902,43.6,0,0.0,17,4,0.521,0,normal_daytime
30,2,1,5,4,26.9,1,1.0,1,4,0.866,0.766,0.916,53.3,2,3.0,21,5,0.9,1,repeated_reconnaissance
56,4,3,1,1,4.5,0,0.0,3,1,0.857,0.678,0.88,60.1,0,0.0,19,2,0.65,0,normal_daytime
65,5,0,0,0,0.0,0,0.0,1,0,0.907,0.807,0.947,68.5,0,0.0,10,0,0.55,0,normal_lobby_transit
7,1,1,0,0,0.0,0,1.0,1,0,0.808,0.688,0.858,27.8,0,0.0,2,6,0.14,0,normal_night_staff
4,1,0,0,0,0.0,0,1.0,0,0,0.881,0.761,0.931,35.9,0,0.0,23,1,0.14,0,normal_night_staff
66,2,2,4,0,48.7,1,1.0,2,1,0.84,0.66,0.9,19.4,2,3.0,2,6,0.747,1,after_hours_breach
7,1,1,0,0,0.0,0,1.0,1,0,0.902,0.782,0.952,29.6,0,0.0,3,6,0.14,0,normal_night_staff
48,4,3,1,1,9.4,0,0.0,3,0,0.85,0.745,0.895,47.5,1,1.0,9,1,0.613,0,normal_daytime
36,4,1,1,1,8.7,0,0.0,1,0,0.832,0.682,0.886,47.6,1,1.0,13,0,0.613,0,normal_daytime
60,5,1,0,0,0.0,0,0.0,1,0,0.917,0.771,0.94,30.7,0,0.0,16,1,0.642,0,normal_daytime
39,3,1,0,0,0.0,0,0.0,1,0,0.864,0.774,0.895,36.4,0,0.0,8,0,0.499,0,normal_daytime
18,2,1,0,0,0.0,0,0.0,1,1,0.906,0.75,0.955,64.5,0,0.0,11,0,0.504,0,normal_daytime
7,1,0,0,0,0.0,0,1.0,0,0,0.851,0.731,0.901,40.7,0,0.0,3,3,0.14,0,normal_night_staff
24,2,0,2,2,7.1,0,0.0,1,0,0.872,0.774,0.898,62.6,0,0.0,18,4,0.498,0,normal_daytime
40,4,1,2,0,2.7,0,0.0,1,0,0.906,0.755,0.937,60.5,0,0.0,18,0,0.651,0,normal_daytime
50,5,1,2,0,10.7,0,0.0,1,0,0.827,0.721,0.854,63.2,0,0.0,10,4,0.74,0,normal_daytime
34,1,1,2,0,114.6,2,1.0,1,2,0.76,0.58,0.82,15.7,2,3.0,4,4,0.879,1,after_hours_breach
21,1,1,2,0,94.2,2,1.0,1,2,0.837,0.657,0.897,14.5,5,7.5,3,3,0.838,1,after_hours_breach
6,1,1,1,1,1.3,0,1.0,1,0,0.881,0.761,0.931,35.7,0,0.0,0,4,0.14,0,normal_night_staff
80,4,1,0,0,0.0,0,0.0,1,0,0.856,0.756,0.896,72.7,0,0.0,7,1,0.48,0,normal_lobby_transit
30,3,3,0,0,0.0,0,0.0,3,0,0.875,0.77,0.918,49.0,0,0.0,14,2,0.537,0,normal_daytime
34,1,1,3,1,101.2,1,1.0,1,1,0.842,0.662,0.902,8.0,5,7.5,1,1,0.852,1,after_hours_breach
54,6,3,0,0,0.0,0,0.0,3,0,0.882,0.79,0.91,59.4,0,0.0,9,3,0.808,0,normal_daytime
8,1,0,1,1,2.0,0,0.0,1,0,0.899,0.806,0.921,38.1,0,0.0,12,3,0.344,0,normal_daytime
112,7,1,0,0,0.0,0,0.0,3,0,0.879,0.779,0.919,69.2,0,0.0,11,5,0.69,0,normal_lobby_transit
22,2,0,2,1,0.1,0,0.0,1,1,0.923,0.789,0.943,60.0,2,2.0,10,0,0.49,0,normal_daytime
9,1,0,0,0,0.0,0,1.0,0,0,0.91,0.79,0.96,40.4,0,0.0,23,3,0.14,0,normal_night_staff
33,3,1,1,0,9.3,0,0.0,1,0,0.93,0.799,0.973,46.6,1,1.0,12,0,0.53,0,normal_daytime
100,5,1,0,0,0.0,0,0.0,1,0,0.897,0.797,0.937,51.3,0,0.0,9,4,0.55,0,normal_lobby_transit
40,5,3,0,0,0.0,0,0.0,3,0,0.923,0.79,0.981,26.6,0,0.0,14,6,0.63,0,normal_daytime
50,5,2,1,1,1.0,0,0.0,2,0,0.855,0.723,0.884,23.8,0,0.0,14,3,0.621,0,normal_daytime
36,3,2,2,1,4.2,0,0.0,2,0,0.87,0.747,0.902,36.2,0,0.0,11,0,0.499,0,normal_daytime
7,1,1,0,0,0.0,0,1.0,1,0,0.869,0.749,0.919,35.0,0,0.0,23,1,0.14,0,normal_night_staff
54,6,3,0,0,0.0,0,0.0,3,0,0.929,0.774,0.978,52.2,0,0.0,18,4,0.787,0,normal_daytime
72,6,2,0,0,0.0,0,0.0,2,1,0.839,0.759,0.888,52.9,0,0.0,19,0,0.789,0,normal_daytime
34,2,2,4,1,117.1,2,1.0,2,3,0.77,0.59,0.83,12.1,5,7.5,3,6,0.884,1,after_hours_breach
48,4,1,0,0,0.0,0,0.0,1,0,0.874,0.712,0.916,41.5,0,0.0,13,5,0.595,0,normal_daytime
133,7,2,0,0,0.0,0,0.0,1,0,0.907,0.807,0.947,64.1,0,0.0,12,5,0.69,0,normal_lobby_transit
66,6,0,2,1,1.5,0,0.0,1,0,0.934,0.796,0.954,24.7,0,0.0,9,2,0.704,0,normal_daytime
10,1,1,0,0,0.0,0,0.0,1,0,0.935,0.849,0.99,30.2,0,0.0,16,4,0.321,0,normal_daytime
11,1,1,1,1,5.4,0,0.0,1,1,0.872,0.79,0.919,45.0,0,0.0,12,4,0.365,0,normal_daytime
80,4,2,0,0,0.0,0,0.0,2,0,0.895,0.795,0.935,64.9,0,0.0,17,3,0.48,0,normal_lobby_transit
30,3,2,2,0,2.1,0,0.0,2,0,0.894,0.78,0.932,27.6,0,0.0,16,2,0.473,0,normal_daytime
9,1,0,1,0,2.1,0,0.0,1,0,0.848,0.763,0.875,57.6,1,1.0,19,1,0.403,0,normal_daytime
48,4,2,0,0,0.0,0,0.0,2,0,0.903,0.812,0.944,45.8,0,0.0,14,5,0.607,0,normal_daytime
44,4,1,1,0,10.5,0,0.0,1,0,0.831,0.715,0.854,50.6,0,0.0,15,0,0.622,0,normal_daytime
56,4,3,0,0,0.0,0,0.0,3,0,0.884,0.79,0.92,56.3,0,0.0,9,2,0.639,0,normal_daytime
13,1,0,0,0,0.0,0,0.0,1,0,0.859,0.728,0.895,55.5,0,0.0,19,3,0.396,0,normal_daytime
96,6,2,0,0,0.0,0,0.0,2,0,0.873,0.773,0.913,45.5,0,0.0,14,5,0.62,0,normal_lobby_transit
55,5,2,2,1,6.2,0,0.0,2,0,0.899,0.784,0.948,36.6,0,0.0,16,6,0.66,0,normal_daytime
14,2,1,1,1,7.0,0,1.0,1,0,0.836,0.716,0.886,31.7,0,0.0,21,6,0.2,0,normal_night_staff
90,6,0,0,0,0.0,0,0.0,2,0,0.917,0.817,0.957,42.4,0,0.0,20,3,0.62,0,normal_lobby_transit
96,6,2,0,0,0.0,0,0.0,3,0,0.874,0.774,0.914,51.9,0,0.0,12,6,0.62,0,normal_lobby_transit
60,6,2,0,0,0.0,0,0.0,1,0,0.859,0.759,0.899,63.8,0,0.0,18,2,0.62,0,normal_lobby_transit
34,2,2,2,0,89.0,1,1.0,2,3,0.746,0.566,0.806,19.5,3,4.5,2,6,0.828,1,after_hours_breach
77,7,0,0,0,0.0,0,0.0,2,0,0.948,0.848,0.988,41.7,0,0.0,9,2,0.69,0,normal_lobby_transit
14,1,1,1,0,0.4,0,0.0,1,0,0.842,0.75,0.864,27.2,1,1.0,9,4,0.312,0,normal_daytime
18,2,0,1,1,5.5,0,0.0,1,0,0.872,0.723,0.897,64.8,0,0.0,17,2,0.504,0,normal_daytime
6,1,1,0,0,0.0,0,1.0,1,0,0.817,0.697,0.867,34.4,0,0.0,23,1,0.14,0,normal_night_staff
52,4,1,1,1,6.7,0,0.0,1,0,0.834,0.664,0.89,47.4,0,0.0,16,3,0.612,0,normal_daytime
10,1,0,0,0,0.0,0,0.0,1,1,0.865,0.723,0.912,48.5,0,0.0,18,1,0.375,0,normal_daytime
4,1,1,0,0,0.0,0,1.0,1,0,0.845,0.725,0.895,41.0,0,0.0,6,4,0.14,0,normal_night_staff
26,2,0,0,0,0.0,0,0.0,1,0,0.906,0.805,0.949,35.8,0,0.0,13,2,0.417,0,normal_daytime
40,5,3,1,1,0.3,0,0.0,3,0,0.918,0.763,0.961,23.9,0,0.0,14,3,0.622,0,normal_daytime
54,6,2,0,0,0.0,0,0.0,2,0,0.932,0.823,0.99,63.0,0,0.0,13,6,0.819,0,normal_daytime
66,6,2,0,0,0.0,0,0.0,2,0,0.857,0.755,0.884,36.4,0,0.0,8,5,0.739,0,normal_daytime
30,2,0,0,0,0.0,0,0.0,3,0,0.931,0.831,0.971,58.4,0,0.0,18,0,0.34,0,normal_lobby_transit
27,1,1,1,0,124.2,1,0.0,1,1,0.86,0.78,0.91,6.3,3,3.0,15,5,0.798,1,pharmacy_loitering
7,1,0,1,1,7.9,0,1.0,0,0,0.852,0.732,0.902,25.6,0,0.0,5,4,0.14,0,normal_night_staff
60,5,2,0,0,0.0,0,0.0,2,0,0.948,0.848,0.988,41.9,0,0.0,19,4,0.55,0,normal_lobby_transit
33,1,1,1,0,147.5,1,0.0,1,0,0.881,0.801,0.931,4.3,3,3.0,18,0,0.845,1,pharmacy_loitering
7,1,1,1,1,1.1,0,1.0,1,0,0.883,0.763,0.933,29.2,0,0.0,21,0,0.14,0,normal_night_staff
26,2,2,1,1,11.5,0,0.0,2,1,0.854,0.687,0.904,55.3,1,1.0,16,3,0.476,0,normal_daytime
40,5,2,1,0,8.6,0,0.0,2,1,0.864,0.747,0.895,37.1,0,0.0,17,4,0.661,0,normal_daytime
8,1,1,0,0,0.0,0,0.0,1,0,0.828,0.671,0.856,31.3,0,0.0,18,4,0.324,0,normal_daytime
7,1,1,0,0,0.0,0,1.0,1,0,0.82,0.7,0.87,30.7,0,0.0,2,1,0.14,0,normal_night_staff
65,5,3,0,0,0.0,0,0.0,3,1,0.849,0.757,0.885,35.0,0,0.0,8,0,0.655,0,normal_daytime
4,1,1,0,0,0.0,0,1.0,1,0,0.808,0.688,0.858,32.2,0,0.0,22,1,0.14,0,normal_night_staff
140,7,2,0,0,0.0,0,0.0,3,0,0.939,0.839,0.979,52.9,0,0.0,8,6,0.69,0,normal_lobby_transit
22,1,1,1,0,100.3,1,0.0,1,0,0.86,0.78,0.91,1.5,2,2.0,19,4,0.751,1,pharmacy_loitering
9,1,0,0,0,0.0,0,1.0,0,0,0.863,0.743,0.913,26.5,0,0.0,22,5,0.14,0,normal_night_staff
9,1,0,1,1,5.5,0,0.0,1,0,0.881,0.759,0.912,64.2,0,0.0,16,3,0.423,0,normal_daytime
36,4,3,2,2,4.2,0,0.0,3,1,0.822,0.713,0.85,36.8,2,2.0,18,3,0.58,0,normal_daytime
28,2,2,2,2,9.7,0,0.0,2,0,0.94,0.831,0.983,23.2,0,0.0,18,2,0.38,0,normal_daytime
33,1,1,3,1,133.4,1,1.0,1,1,0.802,0.622,0.862,18.8,5,7.5,4,0,0.917,1,after_hours_breach
60,6,2,1,0,10.7,0,0.0,2,0,0.836,0.706,0.86,37.6,1,1.0,16,3,0.743,0,normal_daytime
8,1,0,0,0,0.0,0,1.0,0,0,0.911,0.791,0.961,28.8,0,0.0,5,2,0.14,0,normal_night_staff
20,1,1,8,7,32.6,0,0.0,1,7,0.879,0.779,0.929,61.9,4,6.0,13,1,1.0,1,repeated_reconnaissance
36,4,2,2,0,0.3,0,0.0,2,0,0.917,0.826,0.94,38.1,2,2.0,12,0,0.584,0,normal_daytime
26,2,0,0,0,0.0,0,0.0,1,0,0.87,0.77,0.91,51.3,0,0.0,10,1,0.34,0,normal_lobby_transit
9,1,0,0,0,0.0,0,1.0,0,0,0.837,0.717,0.887,48.5,0,0.0,4,0,0.14,0,normal_night_staff
12,2,1,1,1,7.4,0,1.0,1,0,0.813,0.693,0.863,38.8,0,0.0,4,0,0.2,0,normal_night_staff
140,7,0,0,0,0.0,0,0.0,1,0,0.929,0.829,0.969,74.2,0,0.0,13,4,0.69,0,normal_lobby_transit
12,2,1,0,0,0.0,0,1.0,1,0,0.866,0.746,0.916,46.0,0,0.0,22,0,0.2,0,normal_night_staff
70,5,0,0,0,0.0,0,0.0,1,0,0.916,0.835,0.958,43.2,0,0.0,17,2,0.68,0,normal_daytime
12,1,1,1,0,4.0,0,0.0,1,0,0.844,0.712,0.874,42.8,0,0.0,19,6,0.358,0,normal_daytime
27,3,1,2,0,1.2,0,0.0,1,0,0.884,0.785,0.925,32.7,0,0.0,19,0,0.488,0,normal_daytime
72,4,0,0,0,0.0,0,0.0,1,0,0.926,0.826,0.966,53.1,0,0.0,13,2,0.48,0,normal_lobby_transit
32,4,3,2,0,2.3,0,0.0,3,1,0.908,0.776,0.959,28.2,0,0.0,11,0,0.555,0,normal_daytime
20,1,1,1,0,154.7,1,0.0,1,0,0.917,0.837,0.967,7.7,1,1.0,18,3,0.859,1,pharmacy_loitering
55,5,3,2,2,10.1,0,0.0,3,0,0.872,0.735,0.912,42.6,0,0.0,16,2,0.678,0,normal_daytime
75,5,3,2,2,8.9,0,0.0,3,0,0.848,0.706,0.904,35.3,0,0.0,13,0,0.656,0,normal_daytime
8,1,0,2,1,10.2,0,0.0,1,0,0.829,0.7,0.859,63.7,2,2.0,16,4,0.421,0,normal_daytime
44,1,1,1,0,169.9,1,1.0,1,0,0.929,0.849,0.979,4.5,1,1.0,21,1,0.89,1,pharmacy_loitering
9,1,0,0,0,0.0,0,1.0,0,0,0.816,0.696,0.866,43.2,0,0.0,4,6,0.14,0,normal_night_staff
26,2,2,0,0,0.0,0,0.0,2,0,0.856,0.689,0.905,58.7,0,0.0,12,3,0.486,0,normal_daytime
52,4,2,1,1,9.8,0,0.0,2,0,0.9,0.782,0.922,37.3,0,0.0,13,4,0.582,0,normal_daytime
14,1,1,1,1,9.1,0,0.0,1,0,0.86,0.779,0.886,37.0,1,1.0,11,0,0.341,0,normal_daytime
39,3,0,0,0,0.0,0,0.0,1,0,0.883,0.726,0.927,32.0,0,0.0,10,5,0.486,0,normal_daytime
119,7,2,0,0,0.0,0,0.0,1,0,0.884,0.784,0.924,69.9,0,0.0,14,1,0.69,0,normal_lobby_transit
13,1,1,0,0,0.0,0,0.0,1,1,0.931,0.792,0.96,55.9,0,0.0,15,4,0.398,0,normal_daytime
21,1,1,4,3,28.3,0,1.0,1,3,0.846,0.746,0.896,56.1,4,6.0,22,5,0.86,1,repeated_reconnaissance
45,5,2,2,1,7.6,0,0.0,2,0,0.879,0.729,0.914,64.2,0,0.0,13,2,0.743,0,normal_daytime
30,3,3,0,0,0.0,0,0.0,3,0,0.876,0.752,0.903,24.2,0,0.0,8,4,0.463,0,normal_daytime
32,2,1,0,0,0.0,0,0.0,2,0,0.878,0.778,0.918,71.0,0,0.0,13,5,0.34,0,normal_lobby_transit
14,1,1,1,0,5.3,0,0.0,1,1,0.837,0.709,0.881,54.3,0,0.0,19,5,0.393,0,normal_daytime
48,3,1,0,0,0.0,0,0.0,1,0,0.864,0.764,0.904,52.7,0,0.0,14,4,0.41,0,normal_lobby_transit
12,1,1,1,1,9.7,0,0.0,1,0,0.928,0.788,0.962,26.1,0,0.0,18,1,0.308,0,normal_daytime
36,4,3,0,0,0.0,0,0.0,3,0,0.93,0.848,0.972,47.2,0,0.0,15,4,0.612,0,normal_daytime
5,1,1,0,0,0.0,0,1.0,1,0,0.827,0.707,0.877,34.3,0,0.0,6,0,0.14,0,normal_night_staff
32,2,0,0,0,0.0,0,0.0,3,0,0.942,0.842,0.982,41.0,0,0.0,9,3,0.34,0,normal_lobby_transit
119,7,0,0,0,0.0,0,0.0,3,0,0.88,0.78,0.92,45.1,0,0.0,19,3,0.69,0,normal_lobby_transit
20,2,2,0,0,0.0,0,0.0,1,0,0.924,0.824,0.964,48.6,0,0.0,19,0,0.34,0,normal_lobby_transit
6,1,0,1,1,7.2,0,1.0,0,0,0.902,0.782,0.952,26.4,0,0.0,6,3,0.14,0,normal_night_staff
27,3,2,0,0,0.0,0,0.0,2,1,0.904,0.785,0.937,38.5,0,0.0,16,6,0.506,0,normal_daytime
6,1,0,1,1,1.1,0,1.0,0,0,0.889,0.769,0.939,44.0,0,0.0,21,0,0.14,0,normal_night_staff
4,1,1,0,0,0.0,0,1.0,1,0,0.899,0.779,0.949,34.0,0,0.0,5,5,0.14,0,normal_night_staff
95,5,2,0,0,0.0,0,0.0,1,0,0.86,0.76,0.9,42.7,0,0.0,17,0,0.55,0,normal_lobby_transit
36,3,2,1,0,6.3,0,0.0,2,0,0.877,0.753,0.925,35.7,0,0.0,19,1,0.497,0,normal_daytime
30,3,0,1,1,5.1,0,0.0,1,0,0.838,0.662,0.865,46.4,1,1.0,15,1,0.529,0,normal_daytime
16,2,2,1,0,4.3,0,0.0,2,0,0.911,0.783,0.971,54.4,0,0.0,8,3,0.473,0,normal_daytime
4,1,0,0,0,0.0,0,1.0,0,0,0.835,0.715,0.885,28.5,0,0.0,0,1,0.14,0,normal_night_staff
150,10,12,9,2,45.9,4,0.0,12,4,0.816,0.616,0.876,19.3,3,6.0,13,0,0.95,1,crowd_surge
75,5,2,1,0,4.4,0,0.0,2,0,0.938,0.8,0.99,53.2,0,0.0,13,4,0.71,0,normal_daytime
91,7,1,0,0,0.0,0,0.0,2,0,0.94,0.84,0.98,55.1,0,0.0,18,1,0.69,0,normal_lobby_transit
38,2,2,3,0,120.6,2,1.0,2,1,0.789,0.609,0.849,6.3,2,3.0,0,5,0.891,1,after_hours_breach
9,1,1,1,1,1.2,0,1.0,1,0,0.854,0.734,0.904,32.8,0,0.0,3,4,0.14,0,normal_night_staff
7,1,1,1,1,4.7,0,1.0,1,0,0.917,0.797,0.967,46.5,0,0.0,3,4,0.14,0,normal_night_staff
14,2,0,0,0,0.0,0,1.0,0,0,0.919,0.799,0.969,35.8,0,0.0,23,0,0.2,0,normal_night_staff
44,4,2,0,0,0.0,0,0.0,3,0,0.912,0.812,0.952,62.8,0,0.0,16,1,0.48,0,normal_lobby_transit
36,4,3,0,0,0.0,0,0.0,3,1,0.919,0.76,0.941,48.5,0,0.0,11,5,0.615,0,normal_daytime
48,6,0,1,1,2.9,0,0.0,1,0,0.935,0.787,0.968,61.4,0,0.0,16,6,0.814,0,normal_daytime
20,2,1,1,1,1.1,0,0.0,1,0,0.876,0.788,0.915,57.2,0,0.0,17,0,0.482,0,normal_daytime
48,3,0,0,0,0.0,0,0.0,3,0,0.858,0.758,0.898,72.7,0,0.0,8,2,0.41,0,normal_lobby_transit
48,4,0,0,0,0.0,0,0.0,3,0,0.903,0.803,0.943,72.0,0,0.0,17,4,0.48,0,normal_lobby_transit
36,3,1,2,2,11.3,0,0.0,1,1,0.878,0.731,0.936,46.0,0,0.0,12,2,0.528,0,normal_daytime
45,5,1,1,1,8.6,0,0.0,1,1,0.901,0.773,0.945,49.8,0,0.0,10,2,0.699,0,normal_daytime
56,4,2,1,0,7.4,0,0.0,2,0,0.905,0.8,0.949,22.1,1,1.0,13,1,0.536,0,normal_daytime
90,6,0,1,1,2.2,0,0.0,1,0,0.823,0.667,0.863,63.7,0,0.0,12,5,0.821,0,normal_daytime
7,1,0,1,1,7.1,0,1.0,0,0,0.909,0.789,0.959,31.1,0,0.0,0,6,0.14,0,normal_night_staff
45,5,0,2,0,11.6,0,0.0,1,0,0.84,0.711,0.869,39.2,2,2.0,9,3,0.668,0,normal_daytime
4,1,0,0,0,0.0,0,1.0,0,0,0.85,0.73,0.9,45.1,0,0.0,1,1,0.14,0,normal_night_staff
23,1,1,2,1,120.7,1,1.0,1,1,0.824,0.644,0.884,17.0,2,3.0,2,4,0.891,1,after_hours_breach
60,6,1,0,0,0.0,0,0.0,1,0,0.907,0.791,0.945,22.3,0,0.0,12,0,0.697,0,normal_daytime
8,2,1,0,0,0.0,0,1.0,1,0,0.907,0.787,0.957,29.9,0,0.0,23,5,0.2,0,normal_night_staff
58,2,1,4,3,33.0,1,0.0,1,3,0.909,0.809,0.959,44.5,2,3.0,18,3,0.86,1,repeated_reconnaissance
70,7,1,0,0,0.0,0,0.0,1,0,0.933,0.833,0.973,60.4,0,0.0,10,2,0.69,0,normal_lobby_transit
32,4,1,2,2,9.0,0,0.0,1,1,0.845,0.734,0.881,52.5,2,2.0,15,0,0.627,0,normal_daytime
24,3,2,0,0,0.0,0,0.0,2,0,0.921,0.777,0.974,36.1,0,0.0,10,6,0.498,0,normal_daytime
48,6,1,2,1,1.8,0,0.0,1,0,0.877,0.711,0.927,27.6,0,0.0,9,4,0.713,0,normal_daytime
32,2,2,0,0,0.0,0,0.0,2,0,0.936,0.836,0.976,43.7,0,0.0,20,1,0.34,0,normal_lobby_transit
6,1,1,1,1,3.5,0,1.0,1,0,0.879,0.759,0.929,31.2,0,0.0,3,0,0.14,0,normal_night_staff
28,2,1,0,0,0.0,0,0.0,2,0,0.879,0.779,0.919,43.5,0,0.0,20,6,0.34,0,normal_lobby_transit
5,1,0,1,1,4.5,0,1.0,0,0,0.815,0.695,0.865,43.1,0,0.0,5,1,0.14,0,normal_night_staff
15,1,1,0,0,0.0,0,0.0,1,1,0.933,0.767,0.981,62.6,0,0.0,12,1,0.418,0,normal_daytime
56,4,2,0,0,0.0,0,0.0,2,0,0.835,0.679,0.895,23.8,0,0.0,9,3,0.541,0,normal_daytime
50,5,0,0,0,0.0,0,0.0,1,0,0.937,0.837,0.977,69.1,0,0.0,11,2,0.55,0,normal_lobby_transit
18,2,0,1,0,1.4,0,0.0,1,0,0.847,0.761,0.894,23.0,0,0.0,14,5,0.379,0,normal_daytime
60,5,2,0,0,0.0,0,0.0,2,0,0.867,0.722,0.905,41.2,0,0.0,11,6,0.674,0,normal_daytime
39,3,0,0,0,0.0,0,0.0,1,0,0.868,0.787,0.905,30.5,0,0.0,15,2,0.482,0,normal_daytime
60,6,0,2,0,3.9,0,0.0,1,1,0.936,0.781,0.99,46.0,0,0.0,9,4,0.768,0,normal_daytime
32,4,2,1,1,7.9,0,0.0,2,0,0.835,0.698,0.868,33.4,1,1.0,13,4,0.57,0,normal_daytime
22,2,0,0,0,0.0,0,0.0,3,0,0.946,0.846,0.986,54.7,0,0.0,12,1,0.34,0,normal_lobby_transit
60,5,2,0,0,0.0,0,0.0,3,0,0.859,0.759,0.899,43.3,0,0.0,13,5,0.55,0,normal_lobby_transit
20,2,1,1,1,5.3,0,0.0,1,0,0.879,0.741,0.913,49.6,0,0.0,11,2,0.459,0,normal_daytime
40,5,3,1,0,11.3,0,0.0,3,0,0.91,0.745,0.968,40.0,0,0.0,14,3,0.67,0,normal_daytime
10,1,1,0,0,0.0,0,1.0,1,0,0.823,0.703,0.873,43.2,0,0.0,21,6,0.14,0,normal_night_staff
14,1,1,1,1,2.3,0,0.0,1,0,0.891,0.809,0.923,64.5,0,0.0,17,0,0.423,0,normal_daytime
57,3,0,0,0,0.0,0,0.0,2,0,0.944,0.844,0.984,35.4,0,0.0,7,2,0.41,0,normal_lobby_transit
220,11,12,6,3,53.5,3,1.0,12,4,0.823,0.623,0.883,20.9,7,14.0,23,2,0.965,1,crowd_surge
40,4,2,1,1,4.6,0,0.0,2,0,0.901,0.816,0.946,36.4,0,0.0,19,3,0.579,0,normal_daytime
30,1,1,4,1,142.8,1,1.0,1,1,0.746,0.566,0.806,12.9,3,4.5,0,5,0.936,1,after_hours_breach
10,1,0,1,1,1.3,0,1.0,0,0,0.802,0.682,0.852,28.8,0,0.0,5,6,0.14,0,normal_night_staff
90,6,2,2,2,10.2,0,0.0,2,1,0.932,0.779,0.954,30.6,0,0.0,15,1,0.722,0,normal_daytime
22,2,2,0,0,0.0,0,0.0,3,0,0.891,0.791,0.931,55.5,0,0.0,11,5,0.34,0,normal_lobby_transit
20,2,0,0,0,0.0,0,1.0,0,0,0.896,0.776,0.946,34.1,0,0.0,2,4,0.2,0,normal_night_staff
15,1,1,1,1,6.9,0,0.0,1,0,0.92,0.818,0.951,60.3,0,0.0,18,6,0.411,0,normal_daytime
16,2,0,1,0,0.9,0,0.0,1,0,0.821,0.658,0.858,54.9,0,0.0,17,6,0.475,0,normal_daytime
10,1,0,2,1,6.7,0,0.0,1,0,0.825,0.653,0.857,43.1,0,0.0,17,4,0.359,0,normal_daytime
44,4,1,0,0,0.0,0,0.0,1,0,0.848,0.676,0.891,46.8,0,0.0,8,3,0.61,0,normal_daytime
20,2,1,2,1,7.2,0,0.0,1,1,0.838,0.691,0.87,57.2,0,0.0,8,4,0.482,0,normal_daytime
10,2,1,1,1,3.5,0,1.0,1,0,0.813,0.693,0.863,30.5,0,0.0,21,0,0.2,0,normal_night_staff
30,3,3,0,0,0.0,0,0.0,3,1,0.876,0.773,0.907,24.7,0,0.0,13,3,0.464,0,normal_daytime
38,2,1,0,0,0.0,0,0.0,3,0,0.861,0.761,0.901,56.4,0,0.0,10,1,0.34,0,normal_lobby_transit
15,1,0,0,0,0.0,0,0.0,1,0,0.847,0.727,0.879,40.4,0,0.0,10,3,0.351,0,normal_daytime
8,1,1,1,1,6.7,0,1.0,1,0,0.915,0.795,0.965,45.1,0,0.0,1,2,0.14,0,normal_night_staff
44,4,1,0,0,0.0,0,0.0,1,0,0.864,0.764,0.904,73.7,0,0.0,11,5,0.48,0,normal_lobby_transit
9,1,1,0,0,0.0,0,0.0,1,0,0.891,0.787,0.912,22.8,0,0.0,12,3,0.298,0,normal_daytime
57,3,2,0,0,0.0,0,0.0,1,0,0.874,0.774,0.914,38.1,0,0.0,9,0,0.41,0,normal_lobby_transit
28,1,1,1,0,167.1,1,0.0,1,1,0.884,0.804,0.934,3.5,3,3.0,10,1,0.884,1,pharmacy_loitering
16,1,1,4,0,111.1,1,1.0,1,2,0.832,0.652,0.892,13.5,3,4.5,1,4,0.872,1,after_hours_breach
25,1,1,4,0,56.8,2,1.0,1,3,0.851,0.671,0.911,15.2,2,3.0,1,5,0.764,1,after_hours_breach
9,1,1,1,1,5.3,0,1.0,1,0,0.838,0.718,0.888,38.1,0,0.0,5,0,0.14,0,normal_night_staff
48,2,2,3,0,66.4,1,1.0,2,2,0.769,0.589,0.829,8.3,5,7.5,1,1,0.783,1,after_hours_breach
26,2,0,2,2,10.8,0,0.0,1,0,0.826,0.661,0.851,50.8,0,0.0,12,6,0.462,0,normal_daytime
44,4,2,0,0,0.0,0,0.0,2,0,0.864,0.706,0.897,32.3,0,0.0,13,5,0.567,0,normal_daytime
120,6,0,0,0,0.0,0,0.0,1,0,0.912,0.812,0.952,63.6,0,0.0,10,6,0.62,0,normal_lobby_transit
75,5,2,0,0,0.0,0,0.0,2,0,0.866,0.686,0.914,34.8,0,0.0,8,4,0.654,0,normal_daytime
6,1,0,0,0,0.0,0,1.0,0,0,0.815,0.695,0.865,40.6,0,0.0,4,0,0.14,0,normal_night_staff
78,6,2,1,1,2.2,0,0.0,2,1,0.875,0.756,0.901,57.5,0,0.0,16,1,0.802,0,normal_daytime
9,1,0,0,0,0.0,0,1.0,0,0,0.808,0.688,0.858,44.4,0,0.0,4,5,0.14,0,normal_night_staff
45,5,3,2,0,2.2,0,0.0,3,0,0.91,0.749,0.938,64.3,0,0.0,15,1,0.743,0,normal_daytime
78,6,0,0,0,0.0,0,0.0,1,0,0.89,0.712,0.912,47.7,0,0.0,16,3,0.773,0,normal_daytime
30,3,0,0,0,0.0,0,0.0,1,0,0.936,0.826,0.964,62.5,0,0.0,11,5,0.578,0,normal_daytime
10,2,0,1,1,3.1,0,1.0,0,0,0.845,0.725,0.895,33.0,0,0.0,21,6,0.2,0,normal_night_staff
40,5,3,1,1,5.2,0,0.0,3,1,0.874,0.735,0.903,52.9,0,0.0,10,3,0.709,0,normal_daytime
9,1,1,0,0,0.0,0,1.0,1,0,0.844,0.724,0.894,49.3,0,0.0,5,2,0.14,0,normal_night_staff
32,4,2,1,1,8.9,0,0.0,2,0,0.892,0.732,0.93,38.0,0,0.0,18,3,0.584,0,normal_daytime
32,4,1,1,1,8.6,0,0.0,1,1,0.929,0.782,0.969,58.4,0,0.0,14,3,0.645,0,normal_daytime
133,7,2,0,0,0.0,0,0.0,3,0,0.937,0.837,0.977,74.2,0,0.0,12,4,0.69,0,normal_lobby_transit
54,6,2,1,0,6.8,0,0.0,2,1,0.871,0.756,0.894,57.4,0,0.0,19,0,0.802,0,normal_daytime
54,6,2,1,0,8.2,0,0.0,2,0,0.824,0.667,0.875,55.3,0,0.0,14,5,0.796,0,normal_daytime
16,2,1,1,1,4.5,0,1.0,1,0,0.852,0.732,0.902,44.8,0,0.0,2,3,0.2,0,normal_night_staff
36,3,2,1,1,6.2,0,0.0,2,0,0.931,0.819,0.961,30.2,0,0.0,18,0,0.481,0,normal_daytime
70,5,3,0,0,0.0,0,0.0,3,1,0.922,0.785,0.963,62.4,0,0.0,11,2,0.737,0,normal_daytime
105,7,0,0,0,0.0,0,0.0,1,0,0.94,0.84,0.98,72.4,0,0.0,18,6,0.69,0,normal_lobby_transit
10,1,0,0,0,0.0,0,1.0,0,0,0.847,0.727,0.897,45.9,0,0.0,0,1,0.14,0,normal_night_staff
60,4,2,2,2,3.7,0,0.0,2,0,0.871,0.775,0.93,44.4,0,0.0,8,3,0.603,0,normal_daytime
66,6,2,0,0,0.0,0,0.0,2,0,0.871,0.782,0.905,23.5,0,0.0,15,5,0.701,0,normal_daytime
50,5,0,0,0,0.0,0,0.0,1,0,0.872,0.772,0.912,55.2,0,0.0,8,4,0.55,0,normal_lobby_transit
10,1,0,0,0,0.0,0,0.0,1,0,0.893,0.725,0.939,49.0,0,0.0,16,6,0.377,0,normal_daytime
27,1,1,3,1,52.0,2,1.0,1,3,0.827,0.647,0.887,17.4,4,6.0,1,4,0.754,1,after_hours_breach
40,4,0,0,0,0.0,0,0.0,1,0,0.891,0.733,0.92,60.4,0,0.0,16,3,0.651,0,normal_daytime
40,4,0,0,0,0.0,0,0.0,1,0,0.925,0.792,0.975,26.0,0,0.0,16,5,0.548,0,normal_daytime
45,1,1,1,0,198.8,1,1.0,1,1,0.893,0.813,0.943,2.6,1,1.0,22,4,0.948,1,pharmacy_loitering
14,1,1,2,2,9.0,0,0.0,1,0,0.869,0.751,0.893,31.3,0,0.0,15,5,0.324,0,normal_daytime
22,2,0,0,0,0.0,0,0.0,3,0,0.884,0.784,0.924,56.5,0,0.0,16,3,0.34,0,normal_lobby_transit
44,4,2,1,1,0.3,0,0.0,2,0,0.9,0.74,0.949,58.1,0,0.0,17,1,0.644,0,normal_daytime
95,5,2,0,0,0.0,0,0.0,1,0,0.892,0.792,0.932,59.9,0,0.0,19,4,0.55,0,normal_lobby_transit
7,1,1,1,1,4.6,0,1.0,1,0,0.915,0.795,0.965,38.3,0,0.0,4,3,0.14,0,normal_night_staff
14,1,0,1,1,6.9,0,0.0,1,0,0.839,0.707,0.898,57.7,0,0.0,18,1,0.403,0,normal_daytime
55,5,3,0,0,0.0,0,0.0,3,1,0.895,0.726,0.954,54.1,0,0.0,15,3,0.712,0,normal_daytime
27,1,1,1,0,109.0,1,0.0,1,0,0.906,0.826,0.956,2.9,2,2.0,18,2,0.768,1,pharmacy_loitering
45,3,0,1,1,4.5,0,0.0,1,1,0.873,0.742,0.922,54.7,0,0.0,18,1,0.554,0,normal_daytime
30,2,2,2,2,3.1,0,0.0,2,1,0.916,0.779,0.953,47.2,0,0.0,17,0,0.452,0,normal_daytime
85,5,1,0,0,0.0,0,0.0,1,0,0.916,0.816,0.956,39.6,0,0.0,19,2,0.55,0,normal_lobby_transit
7,1,0,1,1,2.6,0,1.0,0,0,0.867,0.747,0.917,35.5,0,0.0,0,5,0.14,0,normal_night_staff
36,2,2,3,0,79.0,2,1.0,2,3,0.817,0.637,0.877,14.6,2,3.0,4,0,0.808,1,after_hours_breach
40,4,0,0,0,0.0,0,0.0,1,0,0.868,0.768,0.908,35.4,0,0.0,18,5,0.48,0,normal_lobby_transit
10,1,1,1,1,5.5,0,1.0,1,0,0.92,0.8,0.97,42.2,0,0.0,5,6,0.14,0,normal_night_staff
20,2,0,0,0,0.0,0,1.0,0,0,0.866,0.746,0.916,34.4,0,0.0,0,3,0.2,0,normal_night_staff
5,1,0,0,0,0.0,0,1.0,0,0,0.813,0.693,0.863,25.4,0,0.0,1,0,0.14,0,normal_night_staff
10,1,1,1,1,10.4,0,0.0,1,0,0.852,0.693,0.876,59.5,0,0.0,10,3,0.408,0,normal_daytime
50,5,1,0,0,0.0,0,0.0,1,1,0.907,0.794,0.931,39.4,0,0.0,11,1,0.668,0,normal_daytime
13,1,1,2,2,2.2,0,0.0,1,0,0.936,0.761,0.979,60.1,0,0.0,15,1,0.41,0,normal_daytime
7,1,1,1,1,5.9,0,1.0,1,0,0.918,0.798,0.968,30.5,0,0.0,22,6,0.14,0,normal_night_staff
65,5,3,2,1,2.8,0,0.0,3,1,0.924,0.821,0.977,32.5,2,2.0,14,1,0.648,0,normal_daytime
32,2,1,5,4,27.0,1,1.0,1,4,0.83,0.73,0.88,52.0,5,7.5,22,6,0.9,1,repeated_reconnaissance
39,3,2,0,0,0.0,0,0.0,1,0,0.896,0.796,0.936,63.5,0,0.0,15,5,0.41,0,normal_lobby_transit
13,1,0,2,2,10.5,0,0.0,1,0,0.842,0.749,0.867,33.4,2,2.0,8,4,0.33,0,normal_daytime
64,4,1,0,0,0.0,0,0.0,2,0,0.879,0.779,0.919,36.4,0,0.0,16,5,0.48,0,normal_lobby_transit
6,1,0,1,1,1.3,0,1.0,0,0,0.864,0.744,0.914,38.2,0,0.0,6,0,0.14,0,normal_night_staff
12,2,0,0,0,0.0,0,1.0,0,0,0.904,0.784,0.954,32.4,0,0.0,23,6,0.2,0,normal_night_staff
9,1,1,1,1,1.7,0,1.0,1,0,0.826,0.706,0.876,31.8,0,0.0,22,0,0.14,0,normal_night_staff
102,6,1,0,0,0.0,0,0.0,2,0,0.928,0.828,0.968,73.5,0,0.0,9,0,0.62,0,normal_lobby_transit
56,4,0,0,0,0.0,0,0.0,3,0,0.906,0.806,0.946,37.5,0,0.0,18,4,0.48,0,normal_lobby_transit
72,6,1,1,1,0.4,0,0.0,1,0,0.867,0.752,0.889,58.2,0,0.0,18,5,0.805,0,normal_daytime
24,2,0,0,0,0.0,0,0.0,1,0,0.829,0.678,0.864,50.7,0,0.0,11,1,0.462,0,normal_daytime
56,4,2,1,0,10.3,0,0.0,2,0,0.938,0.762,0.983,41.0,0,0.0,14,6,0.593,0,normal_daytime
6,1,1,0,0,0.0,0,1.0,1,0,0.868,0.748,0.918,30.5,0,0.0,2,1,0.14,0,normal_night_staff
48,2,1,5,4,33.7,0,0.0,1,4,0.894,0.794,0.944,60.8,2,3.0,15,6,0.9,1,repeated_reconnaissance
9,1,0,0,0,0.0,0,0.0,1,0,0.883,0.734,0.911,64.6,0,0.0,8,4,0.424,0,normal_daytime
264,12,5,9,3,36.6,2,0.0,5,2,0.863,0.663,0.923,25.9,3,6.0,17,0,0.98,1,crowd_surge
52,4,2,0,0,0.0,0,0.0,2,0,0.939,0.839,0.979,36.8,0,0.0,19,3,0.48,0,normal_lobby_transit
60,6,2,0,0,0.0,0,0.0,3,0,0.89,0.79,0.93,62.8,0,0.0,14,2,0.62,0,normal_lobby_transit
5,1,1,1,1,6.6,0,1.0,1,0,0.858,0.738,0.908,38.7,0,0.0,5,2,0.14,0,normal_night_staff
150,10,7,6,2,25.0,1,0.0,7,4,0.858,0.658,0.918,27.0,6,12.0,19,5,0.95,1,crowd_surge
56,4,0,2,2,9.9,0,0.0,1,0,0.867,0.693,0.91,45.1,0,0.0,15,1,0.605,0,normal_daytime
45,5,2,0,0,0.0,0,0.0,2,0,0.83,0.733,0.876,46.5,0,0.0,13,3,0.69,0,normal_daytime
48,3,0,0,0,0.0,0,0.0,3,0,0.902,0.802,0.942,61.0,0,0.0,14,5,0.41,0,normal_lobby_transit
15,1,1,0,0,0.0,0,0.0,1,1,0.841,0.739,0.883,64.8,0,0.0,14,5,0.424,0,normal_daytime
10,1,0,2,2,7.4,0,0.0,1,0,0.917,0.825,0.947,39.5,2,2.0,16,4,0.348,0,normal_daytime
9,1,1,0,0,0.0,0,0.0,1,0,0.874,0.739,0.932,63.6,0,0.0,15,6,0.421,0,normal_daytime
50,5,0,1,1,0.5,0,0.0,1,1,0.889,0.736,0.93,57.4,0,0.0,12,4,0.722,0,normal_daytime
56,4,2,1,0,2.7,0,0.0,2,1,0.887,0.759,0.943,44.9,1,1.0,18,4,0.605,0,normal_daytime
52,4,0,0,0,0.0,0,0.0,1,0,0.93,0.797,0.963,38.8,0,0.0,16,3,0.586,0,normal_daytime
20,1,1,1,0,76.9,1,0.0,1,0,0.904,0.824,0.954,6.3,1,1.0,13,5,0.704,1,pharmacy_loitering
14,1,0,1,0,0.7,0,0.0,1,0,0.915,0.773,0.937,50.2,1,1.0,19,5,0.381,0,normal_daytime
36,3,1,2,1,1.2,0,0.0,1,0,0.91,0.772,0.962,58.5,0,0.0,16,5,0.566,0,normal_daytime
22,2,0,1,1,1.4,0,0.0,1,0,0.876,0.77,0.911,48.1,0,0.0,8,4,0.454,0,normal_daytime
36,3,1,2,1,9.7,0,0.0,1,0,0.925,0.756,0.978,23.3,0,0.0,18,2,0.46,0,normal_daytime
75,5,1,1,1,5.8,0,0.0,1,0,0.893,0.759,0.946,49.8,0,0.0,13,6,0.699,0,normal_daytime
9,1,0,0,0,0.0,0,1.0,0,0,0.826,0.706,0.876,28.2,0,0.0,22,3,0.14,0,normal_night_staff
70,2,2,2,0,138.8,1,1.0,2,3,0.839,0.659,0.899,6.1,5,7.5,4,5,0.928,1,after_hours_breach
30,2,0,1,1,2.4,0,0.0,1,1,0.841,0.686,0.895,22.1,0,0.0,12,0,0.376,0,normal_daytime
36,3,3,0,0,0.0,0,0.0,3,0,0.894,0.757,0.925,45.8,0,0.0,17,5,0.527,0,normal_daytime
10,1,0,0,0,0.0,0,1.0,0,0,0.92,0.8,0.97,34.9,0,0.0,21,1,0.14,0,normal_night_staff
37,1,1,1,0,88.0,1,0.0,1,0,0.857,0.777,0.907,6.4,1,1.0,15,3,0.726,1,pharmacy_loitering
72,6,3,0,0,0.0,0,0.0,3,1,0.861,0.726,0.903,41.6,0,0.0,8,2,0.755,0,normal_daytime
66,6,3,0,0,0.0,0,0.0,3,1,0.868,0.767,0.903,57.0,0,0.0,19,6,0.801,0,normal_daytime
48,6,2,0,0,0.0,0,0.0,2,1,0.922,0.769,0.946,44.8,0,0.0,16,2,0.764,0,normal_daytime
90,6,1,2,1,1.1,0,0.0,1,0,0.891,0.743,0.912,43.8,2,2.0,16,6,0.761,0,normal_daytime
40,4,1,0,0,0.0,0,0.0,1,0,0.929,0.829,0.969,40.0,0,0.0,12,1,0.48,0,normal_lobby_transit
5,1,0,1,1,3.8,0,1.0,0,0,0.907,0.787,0.957,48.4,0,0.0,21,2,0.14,0,normal_night_staff
54,6,1,2,1,8.4,0,0.0,1,0,0.831,0.746,0.856,39.5,0,0.0,14,4,0.749,0,normal_daytime
70,5,2,0,0,0.0,0,0.0,2,0,0.843,0.668,0.889,63.5,0,0.0,8,1,0.741,0,normal_daytime
54,6,0,1,1,0.5,0,0.0,1,0,0.913,0.767,0.949,51.4,1,1.0,11,6,0.784,0,normal_daytime
9,1,1,1,1,2.0,0,1.0,1,0,0.857,0.737,0.907,37.4,0,0.0,23,3,0.14,0,normal_night_staff
68,2,2,2,1,109.3,2,1.0,2,1,0.85,0.67,0.91,14.0,2,3.0,3,3,0.869,1,after_hours_breach
42,3,0,2,2,10.7,0,0.0,1,1,0.932,0.754,0.978,23.4,0,0.0,17,4,0.46,0,normal_daytime
20,1,1,4,1,159.4,1,1.0,1,1,0.86,0.68,0.92,18.5,3,4.5,1,1,0.969,1,after_hours_breach
114,6,0,0,0,0.0,0,0.0,1,0,0.93,0.83,0.97,52.0,0,0.0,8,3,0.62,0,normal_lobby_transit
56,4,1,1,1,11.7,0,0.0,1,0,0.933,0.841,0.962,59.8,0,0.0,8,3,0.649,0,normal_daytime
10,1,1,0,0,0.0,0,1.0,1,0,0.913,0.793,0.963,30.2,0,0.0,21,0,0.14,0,normal_night_staff
52,4,0,2,2,10.0,0,0.0,1,0,0.852,0.705,0.896,59.6,2,2.0,18,0,0.649,0,normal_daytime
48,4,1,0,0,0.0,0,0.0,1,0,0.852,0.683,0.898,31.2,0,0.0,13,0,0.564,0,normal_daytime
20,1,1,1,0,90.0,1,1.0,1,1,0.916,0.836,0.966,6.4,1,1.0,20,6,0.73,1,pharmacy_loitering
45,5,3,0,0,0.0,0,0.0,3,0,0.842,0.753,0.875,48.9,0,0.0,13,3,0.697,0,normal_daytime
60,5,0,0,0,0.0,0,0.0,1,0,0.948,0.848,0.988,73.5,0,0.0,19,4,0.55,0,normal_lobby_transit
55,5,1,0,0,0.0,0,0.0,1,0,0.918,0.837,0.947,60.2,0,0.0,8,5,0.731,0,normal_daytime
50,5,2,0,0,0.0,0,0.0,2,0,0.927,0.78,0.952,53.9,0,0.0,8,3,0.712,0,normal_daytime
16,1,1,2,0,72.9,2,1.0,1,2,0.764,0.584,0.824,12.7,4,6.0,4,4,0.796,1,after_hours_breach
20,2,2,1,0,6.5,0,0.0,2,0,0.925,0.845,0.97,36.0,1,1.0,8,2,0.418,0,normal_daytime
66,6,2,0,0,0.0,0,0.0,1,0,0.896,0.796,0.936,36.3,0,0.0,15,6,0.62,0,normal_lobby_transit
40,5,1,1,0,11.1,0,0.0,1,0,0.838,0.706,0.896,32.1,0,0.0,17,0,0.646,0,normal_daytime
40,4,0,0,0,0.0,0,0.0,2,0,0.899,0.799,0.939,70.3,0,0.0,10,4,0.48,0,normal_lobby_transit
12,2,1,0,0,0.0,0,1.0,1,0,0.829,0.709,0.879,28.1,0,0.0,6,6,0.2,0,normal_night_staff
8,1,0,0,0,0.0,0,1.0,0,0,0.898,0.778,0.948,48.0,0,0.0,5,0,0.14,0,normal_night_staff
52,4,1,0,0,0.0,0,0.0,3,0,0.892,0.792,0.932,55.2,0,0.0,15,4,0.48,0,normal_lobby_transit
70,5,1,0,0,0.0,0,0.0,1,0,0.914,0.756,0.944,36.9,0,0.0,12,4,0.661,0,normal_daytime
70,5,2,1,1,0.9,0,0.0,2,0,0.822,0.694,0.859,50.9,0,0.0,16,3,0.703,0,normal_daytime
7,1,0,1,1,5.6,0,1.0,0,0,0.875,0.755,0.925,25.7,0,0.0,23,0,0.14,0,normal_night_staff
56,4,0,0,0,0.0,0,0.0,1,0,0.886,0.786,0.926,38.7,0,0.0,20,1,0.48,0,normal_lobby_transit
6,1,0,0,0,0.0,0,1.0,0,0,0.861,0.741,0.911,26.7,0,0.0,1,4,0.14,0,normal_night_staff
10,1,1,1,1,6.5,0,1.0,1,0,0.886,0.766,0.936,43.6,0,0.0,21,5,0.14,0,normal_night_staff
28,2,0,1,0,6.8,0,0.0,1,1,0.901,0.767,0.936,53.8,0,0.0,11,4,0.471,0,normal_daytime
11,1,1,1,1,6.7,0,0.0,1,1,0.871,0.7,0.899,33.7,1,1.0,10,1,0.331,0,normal_daytime
120,6,2,0,0,0.0,0,0.0,3,0,0.913,0.813,0.953,41.7,0,0.0,18,6,0.62,0,normal_lobby_transit
120,6,0,0,0,0.0,0,0.0,1,0,0.92,0.82,0.96,47.1,0,0.0,10,0,0.62,0,normal_lobby_transit
80,4,0,0,0,0.0,0,0.0,2,0,0.897,0.797,0.937,55.7,0,0.0,8,1,0.48,0,normal_lobby_transit
75,5,2,0,0,0.0,0,0.0,3,0,0.909,0.809,0.949,42.6,0,0.0,12,6,0.55,0,normal_lobby_transit
10,1,0,1,1,2.6,0,1.0,0,0,0.824,0.704,0.874,25.6,0,0.0,6,2,0.14,0,normal_night_staff
75,5,3,0,0,0.0,0,0.0,3,0,0.911,0.764,0.935,59.1,0,0.0,8,2,0.727,0,normal_daytime
78,6,1,1,1,6.9,0,0.0,1,0,0.822,0.702,0.87,56.4,0,0.0,12,4,0.799,0,normal_daytime
36,3,2,0,0,0.0,0,0.0,2,1,0.821,0.721,0.864,35.1,0,0.0,15,6,0.495,0,normal_daytime
32,2,1,0,0,0.0,0,0.0,1,0,0.908,0.808,0.948,62.5,0,0.0,14,0,0.34,0,normal_lobby_transit
36,4,2,0,0,0.0,0,0.0,2,0,0.834,0.658,0.876,26.4,0,0.0,16,2,0.549,0,normal_daytime
14,2,0,1,1,2.9,0,1.0,0,0,0.883,0.763,0.933,29.6,0,0.0,21,2,0.2,0,normal_night_staff
12,2,1,0,0,0.0,0,1.0,1,0,0.91,0.79,0.96,41.1,0,0.0,1,6,0.2,0,normal_night_staff
40,5,2,2,1,11.2,0,0.0,2,1,0.914,0.781,0.954,31.6,2,2.0,12,4,0.645,0,normal_daytime
8,2,0,1,1,3.7,0,1.0,0,0,0.909,0.789,0.959,34.5,0,0.0,23,6,0.2,0,normal_night_staff
60,4,0,0,0,0.0,0,0.0,1,0,0.889,0.71,0.921,64.1,0,0.0,12,1,0.662,0,normal_daytime
72,6,2,1,1,7.1,0,0.0,2,0,0.911,0.818,0.948,50.4,0,0.0,12,1,0.781,0,normal_daytime
27,3,1,1,1,8.0,0,0.0,1,0,0.916,0.762,0.945,25.2,1,1.0,14,3,0.466,0,normal_daytime
34,1,1,3,0,96.6,1,1.0,1,1,0.741,0.561,0.801,14.3,4,6.0,0,1,0.843,1,after_hours_breach
70,5,1,1,0,3.9,0,0.0,1,1,0.897,0.787,0.924,51.0,1,1.0,14,0,0.703,0,normal_daytime
50,5,1,0,0,0.0,0,0.0,1,0,0.946,0.846,0.986,67.1,0,0.0,14,1,0.55,0,normal_lobby_transit
168,7,12,5,3,42.8,3,1.0,12,2,0.85,0.65,0.91,25.9,7,14.0,23,6,0.905,1,crowd_surge
8,2,0,1,1,2.5,0,1.0,0,0,0.849,0.729,0.899,33.1,0,0.0,0,1,0.2,0,normal_night_staff
48,4,1,0,0,0.0,0,0.0,3,0,0.857,0.757,0.897,40.0,0,0.0,14,4,0.48,0,normal_lobby_transit
9,1,1,0,0,0.0,0,1.0,1,0,0.891,0.771,0.941,41.9,0,0.0,23,1,0.14,0,normal_night_staff
44,4,1,1,0,9.1,0,0.0,1,0,0.835,0.744,0.86,54.8,0,0.0,13,3,0.634,0,normal_daytime
8,1,0,1,1,1.2,0,1.0,0,0,0.888,0.768,0.938,49.6,0,0.0,6,1,0.14,0,normal_night_staff
26,2,0,0,0,0.0,0,0.0,3,0,0.895,0.795,0.935,68.1,0,0.0,10,1,0.34,0,normal_lobby_transit
90,6,0,1,0,4.5,0,0.0,1,1,0.842,0.717,0.865,41.5,0,0.0,16,5,0.754,0,normal_daytime
11,1,0,0,0,0.0,0,0.0,1,0,0.847,0.676,0.901,25.0,0,0.0,9,2,0.305,0,normal_daytime
9,1,1,0,0,0.0,0,1.0,1,0,0.852,0.732,0.902,47.6,0,0.0,1,3,0.14,0,normal_night_staff
20,2,1,0,0,0.0,0,0.0,1,0,0.919,0.772,0.946,41.5,0,0.0,14,4,0.434,0,normal_daytime
11,1,1,1,1,0.6,0,0.0,1,0,0.851,0.672,0.872,39.4,0,0.0,13,1,0.348,0,normal_daytime
105,7,0,0,0,0.0,0,0.0,2,0,0.892,0.792,0.932,51.7,0,0.0,13,1,0.69,0,normal_lobby_transit
9,1,1,0,0,0.0,0,1.0,1,0,0.902,0.782,0.952,29.0,0,0.0,22,2,0.14,0,normal_night_staff
65,5,0,0,0,0.0,0,0.0,1,0,0.935,0.835,0.975,51.3,0,0.0,20,3,0.55,0,normal_lobby_transit
15,1,1,0,0,0.0,0,0.0,1,0,0.926,0.753,0.974,34.2,0,0.0,14,2,0.333,0,normal_daytime
112,7,6,6,3,40.3,3,0.0,6,2,0.88,0.68,0.94,16.5,4,8.0,14,5,0.905,1,crowd_surge
22,2,0,0,0,0.0,0,0.0,1,1,0.829,0.681,0.857,57.4,0,0.0,15,1,0.482,0,normal_daytime
20,2,0,0,0,0.0,0,1.0,0,0,0.863,0.743,0.913,31.9,0,0.0,1,4,0.2,0,normal_night_staff
33,3,1,0,0,0.0,0,0.0,1,0,0.906,0.731,0.958,50.9,0,0.0,9,3,0.543,0,normal_daytime
32,1,1,4,1,144.6,1,1.0,1,1,0.764,0.584,0.824,18.0,3,4.5,0,4,0.939,1,after_hours_breach
48,2,2,4,0,60.2,2,1.0,2,2,0.742,0.562,0.802,15.1,5,7.5,0,5,0.77,1,after_hours_breach
36,1,1,1,0,161.3,1,0.0,1,0,0.93,0.85,0.98,7.8,2,2.0,15,0,0.873,1,pharmacy_loitering
30,2,1,1,1,11.6,0,0.0,1,1,0.856,0.695,0.901,51.7,0,0.0,9,0,0.465,0,normal_daytime
10,1,1,0,0,0.0,0,1.0,1,0,0.828,0.708,0.878,45.9,0,0.0,0,5,0.14,0,normal_night_staff
24,3,3,1,1,12.0,0,0.0,3,0,0.845,0.76,0.891,35.9,1,1.0,18,0,0.498,0,normal_daytime
24,3,3,1,0,0.6,0,0.0,3,0,0.917,0.807,0.976,32.8,1,1.0,12,2,0.488,0,normal_daytime
33,1,1,1,0,93.8,1,0.0,1,1,0.863,0.783,0.913,8.1,2,2.0,17,0,0.738,1,pharmacy_loitering
60,6,0,0,0,0.0,0,0.0,1,0,0.875,0.777,0.911,50.2,0,0.0,14,1,0.781,0,normal_daytime
39,3,0,2,2,10.9,0,0.0,1,0,0.931,0.757,0.988,35.2,2,2.0,10,2,0.496,0,normal_daytime
11,1,0,2,1,7.3,0,0.0,1,0,0.913,0.795,0.969,34.8,0,0.0,17,2,0.334,0,normal_daytime
15,1,0,1,1,7.4,0,0.0,1,0,0.863,0.774,0.89,56.7,0,0.0,15,2,0.4,0,normal_daytime
56,4,0,2,1,2.8,0,0.0,1,0,0.874,0.748,0.911,48.7,2,2.0,8,2,0.616,0,normal_daytime
36,3,3,1,0,7.0,0,0.0,3,1,0.922,0.757,0.944,60.7,0,0.0,18,2,0.572,0,normal_daytime
32,4,1,0,0,0.0,0,0.0,1,0,0.938,0.763,0.984,55.0,0,0.0,9,0,0.635,0,normal_daytime
119,7,2,0,0,0.0,0,0.0,1,0,0.949,0.849,0.989,39.1,0,0.0,7,6,0.69,0,normal_lobby_transit
36,4,0,1,0,8.3,0,0.0,1,0,0.836,0.702,0.894,23.8,0,0.0,13,2,0.541,0,normal_daytime
114,6,2,0,0,0.0,0,0.0,1,0,0.868,0.768,0.908,69.0,0,0.0,17,2,0.62,0,normal_lobby_transit
6,1,1,0,0,0.0,0,1.0,1,0,0.804,0.684,0.854,40.2,0,0.0,3,1,0.14,0,normal_night_staff
33,3,3,2,0,1.2,0,0.0,3,0,0.863,0.714,0.891,34.0,0,0.0,18,1,0.492,0,normal_daytime
7,1,0,1,1,5.2,0,1.0,0,0,0.818,0.698,0.868,43.2,0,0.0,21,6,0.14,0,normal_night_staff
70,5,0,0,0,0.0,0,0.0,1,1,0.868,0.758,0.921,41.8,0,0.0,19,0,0.675,0,normal_daytime
40,4,1,0,0,0.0,0,0.0,2,0,0.885,0.785,0.925,67.7,0,0.0,19,1,0.48,0,normal_lobby_transit
4,1,0,1,1,5.4,0,1.0,0,0,0.837,0.717,0.887,25.7,0,0.0,5,2,0.14,0,normal_night_staff
60,4,1,0,0,0.0,0,0.0,1,1,0.87,0.788,0.896,35.6,0,0.0,14,3,0.577,0,normal_daytime
5,1,1,0,0,0.0,0,1.0,1,0,0.82,0.7,0.87,44.0,0,0.0,3,2,0.14,0,normal_night_staff
18,2,1,2,1,0.7,0,0.0,1,1,0.837,0.664,0.875,38.7,2,2.0,11,3,0.426,0,normal_daytime
50,5,1,0,0,0.0,0,0.0,1,0,0.928,0.839,0.988,26.8,0,0.0,16,3,0.63,0,normal_daytime
36,4,2,2,0,5.8,0,0.0,2,1,0.853,0.756,0.898,41.1,0,0.0,15,0,0.593,0,normal_daytime
10,1,1,0,0,0.0,0,1.0,1,0,0.848,0.728,0.898,29.7,0,0.0,4,5,0.14,0,normal_night_staff
77,7,1,0,0,0.0,0,0.0,1,0,0.919,0.819,0.959,71.1,0,0.0,19,5,0.69,0,normal_lobby_transit
84,6,3,0,0,0.0,0,0.0,3,1,0.862,0.754,0.919,53.2,0,0.0,12,3,0.79,0,normal_daytime
54,6,2,0,0,0.0,0,0.0,2,0,0.927,0.836,0.962,48.6,0,0.0,11,6,0.776,0,normal_daytime
84,6,1,1,1,3.3,0,0.0,1,0,0.911,0.815,0.948,33.9,1,1.0,11,5,0.732,0,normal_daytime
78,6,2,0,0,0.0,0,0.0,2,0,0.935,0.771,0.978,62.9,0,0.0,8,3,0.819,0,normal_daytime
18,2,0,1,1,4.5,0,1.0,0,0,0.897,0.777,0.947,41.7,0,0.0,4,0,0.2,0,normal_night_staff
36,3,0,2,0,10.8,0,0.0,1,0,0.84,0.748,0.896,39.6,0,0.0,19,1,0.509,0,normal_daytime
9,1,1,1,1,7.4,0,1.0,1,0,0.818,0.698,0.868,38.4,0,0.0,6,2,0.14,0,normal_night_staff
18,2,0,1,1,1.8,0,0.0,1,0,0.844,0.714,0.87,57.7,0,0.0,17,1,0.483,0,normal_daytime
52,4,1,0,0,0.0,0,0.0,2,0,0.919,0.819,0.959,51.1,0,0.0,20,2,0.48,0,normal_lobby_transit
9,1,1,0,0,0.0,0,1.0,1,0,0.858,0.738,0.908,31.4,0,0.0,2,6,0.14,0,normal_night_staff
60,4,1,2,2,2.0,0,0.0,1,1,0.851,0.768,0.905,63.6,0,0.0,15,1,0.661,0,normal_daytime
60,4,1,1,1,2.2,0,0.0,1,0,0.879,0.736,0.906,49.3,1,1.0,11,2,0.618,0,normal_daytime
18,1,1,2,1,52.3,2,1.0,1,1,0.818,0.638,0.878,15.8,3,4.5,2,2,0.755,1,after_hours_breach
10,1,0,0,0,0.0,0,1.0,0,0,0.81,0.69,0.86,32.9,0,0.0,21,3,0.14,0,normal_night_staff
78,6,3,1,1,9.4,0,0.0,3,0,0.823,0.737,0.874,56.9,0,0.0,16,1,0.801,0,normal_daytime
60,4,1,1,1,1.9,0,0.0,1,0,0.898,0.788,0.954,63.7,0,0.0,9,0,0.661,0,normal_daytime
60,4,1,2,1,2.1,0,0.0,1,1,0.822,0.65,0.856,35.3,2,2.0,16,2,0.576,0,normal_daytime
10,1,1,0,0,0.0,0,1.0,1,0,0.852,0.732,0.902,26.0,0,0.0,23,4,0.14,0,normal_night_staff
78,6,0,2,2,4.2,0,0.0,1,0,0.822,0.69,0.857,42.9,0,0.0,18,5,0.759,0,normal_daytime
112,7,2,0,0,0.0,0,0.0,2,0,0.891,0.791,0.931,69.8,0,0.0,15,0,0.69,0,normal_lobby_transit
22,2,2,0,0,0.0,0,0.0,2,0,0.878,0.778,0.918,59.6,0,0.0,10,5,0.34,0,normal_lobby_transit
60,6,2,0,0,0.0,0,0.0,1,0,0.871,0.771,0.911,60.2,0,0.0,19,4,0.62,0,normal_lobby_transit
4,1,0,1,1,6.4,0,1.0,0,0,0.826,0.706,0.876,25.9,0,0.0,22,5,0.14,0,normal_night_staff
9,1,1,1,1,2.9,0,1.0,1,0,0.85,0.73,0.9,41.1,0,0.0,0,1,0.14,0,normal_night_staff
17,1,1,3,0,83.2,2,1.0,1,3,0.841,0.661,0.901,6.2,3,4.5,0,6,0.816,1,after_hours_breach
13,1,0,1,0,3.5,0,0.0,1,1,0.844,0.761,0.871,34.5,1,1.0,15,1,0.334,0,normal_daytime
44,4,3,0,0,0.0,0,0.0,3,0,0.903,0.732,0.955,52.9,0,0.0,8,1,0.629,0,normal_daytime
13,1,1,0,0,0.0,0,0.0,1,0,0.826,0.702,0.863,29.2,0,0.0,11,5,0.318,0,normal_daytime
36,4,0,0,0,0.0,0,0.0,1,0,0.9,0.803,0.934,40.8,0,0.0,18,2,0.592,0,normal_daytime
119,7,1,0,0,0.0,0,0.0,2,0,0.945,0.845,0.985,47.3,0,0.0,17,1,0.69,0,normal_lobby_transit
108,6,0,0,0,0.0,0,0.0,2,0,0.851,0.751,0.891,74.1,0,0.0,17,4,0.62,0,normal_lobby_transit
33,3,0,1,1,5.8,0,0.0,1,0,0.831,0.665,0.869,57.5,0,0.0,10,4,0.562,0,normal_daytime
84,7,1,0,0,0.0,0,0.0,3,0,0.929,0.829,0.969,39.4,0,0.0,8,0,0.69,0,normal_lobby_transit
10,1,0,2,2,4.6,0,0.0,1,1,0.858,0.764,0.889,25.6,0,0.0,11,0,0.307,0,normal_daytime
66,2,2,2,1,128.1,1,1.0,2,3,0.852,0.672,0.912,7.1,5,7.5,2,5,0.906,1,after_hours_breach
91,7,2,0,0,0.0,0,0.0,3,0,0.855,0.755,0.895,69.6,0,0.0,10,6,0.69,0,normal_lobby_transit
9,1,0,1,1,3.7,0,1.0,0,0,0.838,0.718,0.888,35.3,0,0.0,2,1,0.14,0,normal_night_staff
72,6,0,0,0,0.0,0,0.0,3,0,0.925,0.825,0.965,41.5,0,0.0,17,0,0.62,0,normal_lobby_transit
50,5,3,0,0,0.0,0,0.0,3,1,0.909,0.733,0.942,58.7,0,0.0,16,6,0.726,0,normal_daytime
45,5,3,2,0,3.1,0,0.0,3,1,0.82,0.65,0.862,52.9,0,0.0,13,3,0.709,0,normal_daytime
48,4,3,0,0,0.0,0,0.0,3,0,0.879,0.725,0.908,56.0,0,0.0,10,6,0.638,0,normal_daytime
6,1,1,0,0,0.0,0,1.0,1,0,0.878,0.758,0.928,27.3,0,0.0,3,1,0.14,0,normal_night_staff
22,1,1,1,0,155.9,1,0.0,1,0,0.925,0.845,0.975,2.6,2,2.0,14,5,0.862,1,pharmacy_loitering
10,1,0,1,1,8.4,0,0.0,1,0,0.845,0.725,0.869,62.3,0,0.0,10,1,0.417,0,normal_daytime
18,2,0,0,0,0.0,0,1.0,0,0,0.874,0.754,0.924,36.0,0,0.0,2,4,0.2,0,normal_night_staff
42,3,3,1,0,7.6,0,0.0,3,0,0.868,0.713,0.916,59.7,0,0.0,17,5,0.569,0,normal_daytime
7,1,1,1,1,3.8,0,1.0,1,0,0.87,0.75,0.92,40.3,0,0.0,6,1,0.14,0,normal_night_staff
12,2,1,0,0,0.0,0,1.0,1,0,0.907,0.787,0.957,41.7,0,0.0,0,1,0.2,0,normal_night_staff
70,5,1,2,2,8.3,0,0.0,1,0,0.868,0.721,0.903,60.7,0,0.0,12,4,0.732,0,normal_daytime
45,5,3,2,2,6.3,0,0.0,3,0,0.845,0.693,0.875,39.0,0,0.0,17,0,0.667,0,normal_daytime
48,6,1,0,0,0.0,0,0.0,1,0,0.879,0.765,0.911,56.4,0,0.0,19,3,0.799,0,normal_daytime
84,6,1,2,1,7.1,0,0.0,1,0,0.938,0.836,0.99,27.9,0,0.0,15,3,0.714,0,normal_daytime
28,2,2,0,0,0.0,0,0.0,2,1,0.925,0.771,0.947,27.9,0,0.0,13,3,0.394,0,normal_daytime
65,5,2,1,1,8.1,0,0.0,2,0,0.885,0.787,0.919,22.8,0,0.0,13,0,0.618,0,normal_daytime
24,2,0,0,0,0.0,0,0.0,1,0,0.941,0.841,0.981,50.4,0,0.0,16,3,0.34,0,normal_lobby_transit
7,1,1,1,1,1.3,0,1.0,1,0,0.915,0.795,0.965,36.9,0,0.0,3,4,0.14,0,normal_night_staff
14,2,0,1,1,4.7,0,1.0,0,0,0.863,0.743,0.913,33.9,0,0.0,21,0,0.2,0,normal_night_staff
40,4,0,2,0,10.2,0,0.0,1,0,0.891,0.743,0.92,27.2,0,0.0,8,4,0.552,0,normal_daytime
36,4,3,1,1,3.8,0,0.0,3,0,0.868,0.732,0.901,48.3,0,0.0,8,0,0.615,0,normal_daytime
38,2,2,3,0,52.6,2,1.0,2,3,0.849,0.669,0.909,11.3,4,6.0,3,1,0.755,1,after_hours_breach
26,2,2,1,1,8.0,0,0.0,2,0,0.927,0.776,0.97,30.1,1,1.0,12,6,0.4,0,normal_daytime
68,4,0,0,0,0.0,0,0.0,3,0,0.856,0.756,0.896,50.2,0,0.0,11,1,0.48,0,normal_lobby_transit
114,6,1,0,0,0.0,0,0.0,3,0,0.916,0.816,0.956,63.6,0,0.0,12,4,0.62,0,normal_lobby_transit
24,3,0,1,1,7.2,0,0.0,1,0,0.854,0.675,0.896,43.2,0,0.0,19,6,0.52,0,normal_daytime
84,6,1,1,1,1.2,0,0.0,1,1,0.894,0.72,0.925,51.7,1,1.0,15,2,0.785,0,normal_daytime
21,1,1,4,0,59.8,1,1.0,1,2,0.744,0.564,0.804,19.9,3,4.5,3,3,0.77,1,after_hours_breach
9,1,1,1,1,5.6,0,1.0,1,0,0.815,0.695,0.865,47.5,0,0.0,2,3,0.14,0,normal_night_staff
8,2,1,0,0,0.0,0,1.0,1,0,0.871,0.751,0.921,30.7,0,0.0,4,5,0.2,0,normal_night_staff
48,6,1,2,0,9.2,0,0.0,1,0,0.863,0.733,0.883,47.8,0,0.0,15,5,0.773,0,normal_daytime
5,1,0,1,1,1.5,0,1.0,0,0,0.889,0.769,0.939,49.3,0,0.0,2,2,0.14,0,normal_night_staff
45,5,0,1,1,0.3,0,0.0,1,0,0.926,0.842,0.978,38.0,1,1.0,10,2,0.664,0,normal_daytime
14,2,0,1,1,2.7,0,1.0,0,0,0.876,0.756,0.926,49.0,0,0.0,6,0,0.2,0,normal_night_staff
16,2,1,0,0,0.0,0,1.0,1,0,0.914,0.794,0.964,28.2,0,0.0,0,3,0.2,0,normal_night_staff
20,2,2,0,0,0.0,0,0.0,2,0,0.854,0.731,0.887,56.6,0,0.0,15,3,0.48,0,normal_daytime
57,3,1,0,0,0.0,0,0.0,2,0,0.908,0.808,0.948,73.5,0,0.0,10,5,0.41,0,normal_lobby_transit
70,5,0,1,1,4.2,0,0.0,1,0,0.864,0.758,0.905,35.3,1,1.0,13,5,0.656,0,normal_daytime
20,2,0,1,1,2.0,0,0.0,1,1,0.872,0.692,0.929,23.8,0,0.0,10,0,0.381,0,normal_daytime
39,3,2,2,2,4.2,0,0.0,2,1,0.824,0.733,0.867,26.7,0,0.0,18,1,0.47,0,normal_daytime
41,1,1,1,0,180.1,1,1.0,1,0,0.854,0.774,0.904,3.8,1,1.0,21,4,0.91,1,pharmacy_loitering
84,6,0,2,0,8.3,0,0.0,1,0,0.919,0.759,0.973,52.8,2,2.0,9,1,0.788,0,normal_daytime
27,3,2,1,1,11.1,0,0.0,2,0,0.86,0.716,0.915,35.7,0,0.0,17,1,0.497,0,normal_daytime
9,1,0,1,1,8.3,0,0.0,1,0,0.909,0.74,0.936,37.6,1,1.0,18,5,0.343,0,normal_daytime
6,1,1,1,1,5.7,0,1.0,1,0,0.816,0.696,0.866,38.2,0,0.0,4,3,0.14,0,normal_night_staff
38,2,2,3,1,48.5,1,1.0,2,2,0.794,0.614,0.854,15.0,5,7.5,3,0,0.747,1,after_hours_breach
24,2,1,0,0,0.0,0,0.0,1,0,0.861,0.765,0.884,51.3,0,0.0,11,5,0.464,0,normal_daytime
36,4,2,1,0,1.3,0,0.0,2,0,0.864,0.695,0.917,42.5,0,0.0,13,2,0.597,0,normal_daytime
84,6,1,0,0,0.0,0,0.0,1,0,0.82,0.65,0.841,46.0,0,0.0,9,4,0.768,0,normal_daytime
40,2,0,0,0,0.0,0,0.0,1,0,0.939,0.839,0.979,61.7,0,0.0,11,5,0.34,0,normal_lobby_transit
33,3,1,0,0,0.0,0,0.0,1,1,0.894,0.784,0.921,46.6,0,0.0,9,3,0.53,0,normal_daytime
5,1,1,1,1,5.6,0,1.0,1,0,0.843,0.723,0.893,37.8,0,0.0,22,4,0.14,0,normal_night_staff
12,2,0,0,0,0.0,0,1.0,0,0,0.839,0.719,0.889,46.6,0,0.0,23,1,0.2,0,normal_night_staff
9,1,1,1,1,1.7,0,1.0,1,0,0.857,0.737,0.907,29.9,0,0.0,1,4,0.14,0,normal_night_staff
16,2,1,0,0,0.0,0,1.0,1,0,0.844,0.724,0.894,40.1,0,0.0,5,4,0.2,0,normal_night_staff
56,4,1,0,0,0.0,0,0.0,1,0,0.886,0.788,0.924,27.2,0,0.0,18,5,0.552,0,normal_daytime
4,1,1,1,1,5.7,0,1.0,1,0,0.829,0.709,0.879,36.1,0,0.0,23,5,0.14,0,normal_night_staff
50,5,2,1,1,6.9,0,0.0,2,0,0.836,0.681,0.872,24.5,0,0.0,12,4,0.624,0,normal_daytime
7,1,0,0,0,0.0,0,1.0,0,0,0.915,0.795,0.965,31.3,0,0.0,2,5,0.14,0,normal_night_staff
41,1,1,1,0,147.0,1,0.0,1,0,0.928,0.848,0.978,9.0,3,3.0,10,2,0.844,1,pharmacy_loitering
9,1,0,1,1,6.9,0,1.0,0,0,0.888,0.768,0.938,47.6,0,0.0,3,3,0.14,0,normal_night_staff
90,6,0,1,1,10.8,0,0.0,1,1,0.912,0.808,0.944,49.6,0,0.0,16,4,0.779,0,normal_daytime
14,2,0,0,0,0.0,0,1.0,0,0,0.913,0.793,0.963,31.5,0,0.0,4,0,0.2,0,normal_night_staff
65,5,3,0,0,0.0,0,0.0,3,0,0.874,0.705,0.916,35.2,0,0.0,15,3,0.656,0,normal_daytime
14,1,1,0,0,0.0,0,0.0,1,0,0.898,0.737,0.953,22.7,0,0.0,12,6,0.298,0,normal_daytime
14,1,0,2,2,6.1,0,0.0,1,1,0.937,0.842,0.99,51.1,0,0.0,9,3,0.383,0,normal_daytime
18,2,0,0,0,0.0,0,0.0,1,0,0.839,0.743,0.878,39.5,0,0.0,15,2,0.428,0,normal_daytime
56,2,2,2,1,148.4,1,1.0,2,3,0.77,0.59,0.83,9.7,5,7.5,1,2,0.947,1,after_hours_breach
66,6,2,0,0,0.0,0,0.0,3,0,0.945,0.845,0.985,58.0,0,0.0,13,0,0.62,0,normal_lobby_transit
9,1,1,0,0,0.0,0,1.0,1,0,0.88,0.76,0.93,46.7,0,0.0,0,2,0.14,0,normal_night_staff
102,6,1,0,0,0.0,0,0.0,3,0,0.861,0.761,0.901,54.2,0,0.0,17,1,0.62,0,normal_lobby_transit
72,6,3,2,1,4.3,0,0.0,3,0,0.881,0.792,0.903,26.7,0,0.0,10,1,0.71,0,normal_daytime
23,1,1,1,0,204.4,1,0.0,1,0,0.869,0.789,0.919,6.0,2,2.0,18,3,0.959,1,pharmacy_loitering
84,7,2,0,0,0.0,0,0.0,2,0,0.904,0.804,0.944,68.3,0,0.0,12,4,0.69,0,normal_lobby_transit
39,1,1,1,0,136.5,1,0.0,1,0,0.925,0.845,0.975,4.7,2,2.0,10,3,0.823,1,pharmacy_loitering
24,2,0,0,0,0.0,0,0.0,1,0,0.861,0.726,0.888,22.9,0,0.0,8,1,0.379,0,normal_daytime
24,2,0,1,1,10.5,0,0.0,1,0,0.847,0.736,0.888,32.0,1,1.0,12,3,0.406,0,normal_daytime
48,4,3,1,1,5.7,0,0.0,3,0,0.911,0.781,0.949,41.3,0,0.0,8,3,0.594,0,normal_daytime
34,2,0,0,0,0.0,0,0.0,3,0,0.921,0.821,0.961,41.8,0,0.0,17,6,0.34,0,normal_lobby_transit
54,3,2,0,0,0.0,0,0.0,1,0,0.884,0.784,0.924,56.5,0,0.0,15,0,0.41,0,normal_lobby_transit
16,2,2,1,1,1.1,0,0.0,2,0,0.93,0.8,0.951,33.7,0,0.0,13,4,0.411,0,normal_daytime
15,1,0,1,1,1.1,0,0.0,1,0,0.913,0.783,0.941,38.0,0,0.0,16,6,0.344,0,normal_daytime
50,5,0,0,0,0.0,0,0.0,3,0,0.893,0.793,0.933,64.0,0,0.0,8,0,0.55,0,normal_lobby_transit
56,4,3,1,1,4.8,0,0.0,3,0,0.894,0.775,0.918,29.6,0,0.0,10,6,0.559,0,normal_daytime
66,6,3,2,1,2.2,0,0.0,3,0,0.828,0.699,0.886,24.2,0,0.0,18,5,0.703,0,normal_daytime
7,1,0,1,1,2.2,0,1.0,0,0,0.875,0.755,0.925,32.4,0,0.0,0,3,0.14,0,normal_night_staff
26,2,2,2,2,3.8,0,0.0,2,0,0.832,0.701,0.873,60.1,2,2.0,14,5,0.49,0,normal_daytime
12,2,0,0,0,0.0,0,1.0,0,0,0.852,0.732,0.902,46.0,0,0.0,22,4,0.2,0,normal_night_staff
36,3,1,0,0,0.0,0,0.0,3,0,0.916,0.816,0.956,64.5,0,0.0,15,1,0.41,0,normal_lobby_transit
65,5,0,0,0,0.0,0,0.0,3,0,0.93,0.83,0.97,55.2,0,0.0,15,1,0.55,0,normal_lobby_transit
55,5,2,0,0,0.0,0,0.0,2,0,0.858,0.758,0.898,47.3,0,0.0,11,2,0.55,0,normal_lobby_transit
44,4,0,1,1,9.6,0,0.0,1,1,0.831,0.701,0.864,64.2,0,0.0,18,3,0.663,0,normal_daytime
70,5,0,0,0,0.0,0,0.0,1,0,0.941,0.841,0.981,68.7,0,0.0,18,4,0.55,0,normal_lobby_transit
78,6,2,1,1,8.5,0,0.0,2,0,0.843,0.711,0.873,24.4,0,0.0,13,2,0.703,0,normal_daytime
5,1,1,1,1,7.7,0,1.0,1,0,0.802,0.682,0.852,48.4,0,0.0,5,1,0.14,0,normal_night_staff
42,3,1,0,0,0.0,0,0.0,1,0,0.882,0.782,0.922,63.0,0,0.0,12,2,0.41,0,normal_lobby_transit
70,5,1,0,0,0.0,0,0.0,1,0,0.83,0.663,0.883,34.5,0,0.0,19,5,0.654,0,normal_daytime
10,1,1,1,1,6.0,0,1.0,1,0,0.833,0.713,0.883,27.2,0,0.0,23,4,0.14,0,normal_night_staff
14,2,1,1,1,7.3,0,1.0,1,0,0.882,0.762,0.932,38.4,0,0.0,0,2,0.2,0,normal_night_staff
10,1,0,1,1,3.0,0,0.0,1,0,0.868,0.704,0.909,58.1,0,0.0,18,0,0.404,0,normal_daytime
24,2,2,1,1,1.0,0,0.0,2,0,0.914,0.82,0.956,29.2,1,1.0,16,5,0.398,0,normal_daytime
7,1,1,1,1,7.3,0,1.0,1,0,0.912,0.792,0.962,33.0,0,0.0,2,6,0.14,0,normal_night_staff
30,2,1,0,0,0.0,0,0.0,1,0,0.918,0.779,0.969,40.7,0,0.0,11,4,0.432,0,normal_daytime
4,1,1,1,1,5.7,0,1.0,1,0,0.815,0.695,0.865,31.3,0,0.0,22,6,0.14,0,normal_night_staff
78,6,0,0,0,0.0,0,0.0,1,1,0.848,0.73,0.907,26.3,0,0.0,12,5,0.709,0,normal_daytime
72,6,1,1,1,9.9,0,0.0,1,0,0.884,0.739,0.943,32.8,0,0.0,14,4,0.728,0,normal_daytime
44,2,2,4,0,151.0,1,1.0,2,3,0.799,0.619,0.859,12.6,2,3.0,4,3,0.952,1,after_hours_breach
7,1,1,1,1,4.4,0,1.0,1,0,0.897,0.777,0.947,42.1,0,0.0,6,5,0.14,0,normal_night_staff
8,1,0,1,1,1.8,0,1.0,0,0,0.813,0.693,0.863,30.0,0,0.0,23,3,0.14,0,normal_night_staff
8,1,1,0,0,0.0,0,1.0,1,0,0.915,0.795,0.965,36.7,0,0.0,5,3,0.14,0,normal_night_staff
85,5,1,0,0,0.0,0,0.0,3,0,0.877,0.777,0.917,60.7,0,0.0,11,6,0.55,0,normal_lobby_transit
16,2,0,0,0,0.0,0,1.0,0,0,0.905,0.785,0.955,29.1,0,0.0,3,3,0.2,0,normal_night_staff
60,5,3,0,0,0.0,0,0.0,3,0,0.846,0.694,0.904,27.7,0,0.0,11,5,0.633,0,normal_daytime
24,2,2,0,0,0.0,0,0.0,2,0,0.827,0.679,0.863,45.0,0,0.0,15,0,0.445,0,normal_daytime
60,6,0,0,0,0.0,0,0.0,1,0,0.882,0.72,0.924,29.4,0,0.0,14,6,0.718,0,normal_daytime
44,1,1,1,0,116.8,1,1.0,1,1,0.917,0.837,0.967,3.9,1,1.0,20,6,0.784,1,pharmacy_loitering
8,2,0,0,0,0.0,0,1.0,0,0,0.85,0.73,0.9,37.2,0,0.0,21,3,0.2,0,normal_night_staff
36,1,1,1,0,94.2,1,1.0,1,1,0.884,0.804,0.934,4.3,1,1.0,22,2,0.738,1,pharmacy_loitering
22,1,1,7,6,32.4,1,0.0,1,6,0.883,0.783,0.933,37.3,3,4.5,16,2,0.98,1,repeated_reconnaissance
40,5,2,2,2,1.9,0,0.0,2,1,0.921,0.779,0.967,46.3,0,0.0,16,1,0.689,0,normal_daytime
66,6,0,0,0,0.0,0,0.0,1,0,0.865,0.728,0.919,31.6,0,0.0,18,0,0.725,0,normal_daytime
65,5,2,0,0,0.0,0,0.0,2,0,0.854,0.735,0.881,46.6,0,0.0,15,4,0.69,0,normal_daytime
44,1,1,1,0,88.9,1,0.0,1,0,0.872,0.792,0.922,5.0,1,1.0,13,3,0.728,1,pharmacy_loitering
45,5,1,0,0,0.0,0,0.0,1,0,0.885,0.74,0.934,54.3,0,0.0,10,5,0.713,0,normal_daytime
36,4,1,0,0,0.0,0,0.0,1,0,0.923,0.836,0.964,64.5,0,0.0,9,1,0.663,0,normal_daytime
66,6,2,1,1,12.0,0,0.0,2,0,0.825,0.67,0.875,41.7,1,1.0,10,0,0.755,0,normal_daytime
56,4,3,0,0,0.0,0,0.0,3,0,0.831,0.696,0.862,49.7,0,0.0,19,2,0.619,0,normal_daytime
42,3,3,0,0,0.0,0,0.0,3,0,0.897,0.765,0.933,62.3,0,0.0,18,4,0.577,0,normal_daytime
52,4,2,0,0,0.0,0,0.0,2,0,0.868,0.768,0.908,50.0,0,0.0,12,3,0.48,0,normal_lobby_transit
5,1,0,0,0,0.0,0,1.0,0,0,0.862,0.742,0.912,32.0,0,0.0,5,1,0.14,0,normal_night_staff
40,5,0,1,1,1.3,0,0.0,1,0,0.891,0.794,0.915,30.3,1,1.0,15,0,0.641,0,normal_daytime
20,2,0,1,1,7.5,0,1.0,0,0,0.813,0.693,0.863,44.7,0,0.0,6,0,0.2,0,normal_night_staff
21,1,1,6,5,25.6,1,1.0,1,5,0.821,0.721,0.871,47.0,3,4.5,23,6,0.94,1,repeated_reconnaissance
44,4,2,0,0,0.0,0,0.0,2,0,0.863,0.763,0.903,43.0,0,0.0,16,1,0.48,0,normal_lobby_transit
54,6,0,1,1,4.1,0,0.0,1,0,0.85,0.751,0.888,40.1,0,0.0,19,0,0.75,0,normal_daytime
80,5,1,0,0,0.0,0,0.0,1,0,0.885,0.785,0.925,38.9,0,0.0,15,0,0.55,0,normal_lobby_transit
75,5,3,1,0,5.8,0,0.0,3,0,0.862,0.771,0.92,52.4,0,0.0,11,3,0.707,0,normal_daytime
34,2,1,0,0,0.0,0,0.0,1,0,0.858,0.758,0.898,65.1,0,0.0,18,6,0.34,0,normal_lobby_transit
76,4,0,0,0,0.0,0,0.0,1,0,0.897,0.797,0.937,61.1,0,0.0,17,6,0.48,0,normal_lobby_transit
28,2,1,0,0,0.0,0,0.0,3,0,0.852,0.752,0.892,65.8,0,0.0,18,2,0.34,0,normal_lobby_transit
60,4,0,2,1,4.7,0,0.0,1,0,0.875,0.783,0.916,35.6,2,2.0,16,6,0.577,0,normal_daytime
4,1,1,0,0,0.0,0,1.0,1,0,0.851,0.731,0.901,34.9,0,0.0,21,3,0.14,0,normal_night_staff
108,6,0,0,0,0.0,0,0.0,1,0,0.894,0.794,0.934,55.4,0,0.0,14,5,0.62,0,normal_lobby_transit
60,5,2,0,0,0.0,0,0.0,2,0,0.87,0.772,0.917,48.3,0,0.0,8,5,0.695,0,normal_daytime
32,2,2,4,1,151.9,1,1.0,2,3,0.827,0.647,0.887,19.2,4,6.0,0,2,0.954,1,after_hours_breach
45,3,1,0,0,0.0,0,0.0,1,0,0.892,0.735,0.937,58.3,0,0.0,12,0,0.565,0,normal_daytime
105,7,1,0,0,0.0,0,0.0,2,0,0.875,0.775,0.915,69.3,0,0.0,15,4,0.69,0,normal_lobby_transit
40,1,1,1,0,136.0,1,1.0,1,1,0.886,0.806,0.936,5.6,1,1.0,22,5,0.822,1,pharmacy_loitering
40,5,3,0,0,0.0,0,0.0,3,0,0.876,0.711,0.906,48.2,0,0.0,8,4,0.695,0,normal_daytime
